encoder,0.008187895873561502
decoder,0.009619324933737516
decoder,0.007251783041283488
decoder,0.005656001856550574
decoder,0.005624441895633936
decoder,0.0056133929174393415
decoder,0.0056432129349559546
decoder,0.0056654829531908035
decoder,0.005622072145342827
decoder,0.005715682869777083
decoder,0.005637823138386011
decoder,0.005666192853823304
decoder,0.0056631730403751135
decoder,0.0056909730192273855
decoder,0.005669803125783801
decoder,0.005694052902981639
decoder,0.0056569131556898355
decoder,0.005645123077556491
decoder,0.0056600929237902164
decoder,0.005622643046081066
decoder,0.005725844064727426
decoder,0.005617903079837561
decoder,0.005658702924847603
decoder,0.005686253076419234
decoder,0.005607182160019875
decoder,0.005654952954500914
decoder,0.005626702914014459
decoder,0.005666392855346203
decoder,0.006663686130195856
decoder,0.005636462010443211
decoder,0.005757303908467293
decoder,0.005653053056448698
decoder,0.005698872962966561
decoder,0.0056336731649935246
decoder,0.005652893101796508
decoder,0.0057047028094530106
decoder,0.0056232118513435125
decoder,0.00561716197989881
decoder,0.005722973961383104
decoder,0.00568923307582736
decoder,0.005847356049343944
decoder,0.005717962980270386
decoder,0.0057278738822788
decoder,0.005694464081898332
decoder,0.00568939303047955
decoder,0.005678344052284956
decoder,0.005644691875204444
decoder,0.005644222954288125
decoder,0.00562288286164403
decoder,0.005676393862813711
decoder,0.005696183070540428
decoder,0.005752343917265534
decoder,0.005737953819334507
decoder,0.006780568044632673
decoder,0.0065100728534162045
decoder,0.0057714940048754215
decoder,0.005851705092936754
decoder,0.005740954075008631
decoder,0.00576297496445477
decoder,0.005750834010541439
decoder,0.005755173973739147
decoder,0.005790554918348789
decoder,0.005722542991861701
decoder,0.005707242991775274
decoder,0.005699472967535257
decoder,0.006131998961791396
decoder,0.005782074062153697
decoder,0.005800415063276887
decoder,0.005716284038498998
decoder,0.006691585993394256
decoder,0.0057352338917553425
encoder,0.010802660137414932
decoder,0.010559706017374992
decoder,0.007347764912992716
decoder,0.005602892022579908
decoder,0.005619863048195839
decoder,0.0056050128769129515
decoder,0.005656922934576869
decoder,0.0056815731804817915
decoder,0.00567060406319797
decoder,0.005652782041579485
decoder,0.005718593951314688
decoder,0.005642712814733386
decoder,0.005715973908081651
decoder,0.005694023100659251
decoder,0.005647132871672511
decoder,0.0057313640136271715
decoder,0.005635252920910716
decoder,0.005690793972462416
decoder,0.005612832959741354
decoder,0.005635591922327876
decoder,0.005709144053980708
decoder,0.005689844023436308
decoder,0.005630382802337408
decoder,0.005718323867768049
decoder,0.005626122001558542
decoder,0.005660223076120019
decoder,0.0063883529510349035
decoder,0.005591243039816618
decoder,0.0056405330542474985
decoder,0.005760194035246968
decoder,0.005659092217683792
decoder,0.005682194139808416
decoder,0.005671062972396612
decoder,0.005666333017870784
decoder,0.006010137032717466
decoder,0.005666252924129367
decoder,0.008034943137317896
decoder,0.005639723036438227
decoder,0.005637001944705844
decoder,0.005629572784528136
decoder,0.005658813053742051
decoder,0.005651532905176282
decoder,0.005774653982371092
decoder,0.005716013954952359
decoder,0.005663642892614007
decoder,0.005638712085783482
decoder,0.005771153839305043
decoder,0.005672832950949669
decoder,0.005703354021534324
decoder,0.005715572973713279
decoder,0.00675476691685617
decoder,0.005754844984039664
decoder,0.005650202976539731
decoder,0.005638783099129796
decoder,0.005657802103087306
decoder,0.005636242916807532
decoder,0.005675873951986432
decoder,0.005618031835183501
decoder,0.005706162890419364
encoder,0.005780954146757722
decoder,0.009486112045124173
decoder,0.007377994945272803
decoder,0.005696643143892288
decoder,0.006474412977695465
decoder,0.005731553770601749
decoder,0.005616651847958565
decoder,0.005611452041193843
decoder,0.005606841994449496
decoder,0.005638282047584653
decoder,0.005604621954262257
decoder,0.0057559150736778975
decoder,0.005710054188966751
decoder,0.0056395630817860365
decoder,0.005706713069230318
decoder,0.005637011956423521
decoder,0.005667882971465588
decoder,0.005665353033691645
decoder,0.005659573012962937
decoder,0.005638452945277095
decoder,0.00565210310742259
decoder,0.005718124099075794
decoder,0.005654981825500727
decoder,0.005609591957181692
decoder,0.005670423852279782
decoder,0.005661353003233671
decoder,0.005643842974677682
decoder,0.005625552032142878
decoder,0.0055857819970697165
decoder,0.005621022079139948
decoder,0.005640082061290741
decoder,0.005605622893199325
decoder,0.005661023082211614
decoder,0.005662763025611639
decoder,0.005720112938433886
decoder,0.005631881998851895
decoder,0.006261131027713418
decoder,0.005707883974537253
decoder,0.005741514032706618
decoder,0.005655702902004123
decoder,0.005592030938714743
decoder,0.005663541844114661
decoder,0.00566746317781508
decoder,0.005701473914086819
decoder,0.0056708131451159716
decoder,0.005651782965287566
decoder,0.00574266305193305
decoder,0.00570507301017642
decoder,0.005666663870215416
decoder,0.005789684830233455
decoder,0.005672284169122577
decoder,0.005653912900015712
decoder,0.005660822847858071
decoder,0.005624593002721667
decoder,0.0056585329584777355
decoder,0.005653092171996832
decoder,0.00564005202613771
decoder,0.0056550230365246534
decoder,0.00562622188590467
decoder,0.005622771801427007
decoder,0.005739564076066017
decoder,0.005675112828612328
decoder,0.005776284029707313
decoder,0.005670633167028427
decoder,0.0057499040849506855
decoder,0.005776593927294016
decoder,0.005720033077523112
decoder,0.005719213047996163
decoder,0.005651142913848162
decoder,0.008678812067955732
decoder,0.0069539600517600775
decoder,0.005838075187057257
decoder,0.005678422981873155
decoder,0.00571565399877727
decoder,0.005642953095957637
decoder,0.005697093904018402
decoder,0.005740114022046328
decoder,0.00568831292912364
decoder,0.005633882014080882
encoder,0.013410523068159819
decoder,0.00974083598703146
decoder,0.007431576028466225
decoder,0.005720983957871795
decoder,0.0056485331151634455
decoder,0.005654792068526149
decoder,0.005669422913342714
decoder,0.005702183116227388
decoder,0.005645523080602288
decoder,0.005653202999383211
decoder,0.005607323022559285
decoder,0.0057023640256375074
decoder,0.005659112939611077
decoder,0.005645592929795384
decoder,0.005602061981335282
decoder,0.005608401959761977
decoder,0.005608082981780171
decoder,0.0056421831250190735
decoder,0.005631432170048356
decoder,0.005657903151586652
decoder,0.00566324288956821
decoder,0.005723123904317617
decoder,0.0057374341413378716
decoder,0.005670121870934963
decoder,0.005770053947344422
decoder,0.005678902845829725
decoder,0.005687823984771967
decoder,0.005697852931916714
decoder,0.0056431530974805355
decoder,0.005626613041386008
decoder,0.00574923399835825
decoder,0.0058682761155068874
decoder,0.005743574118241668
decoder,0.005652423016726971
decoder,0.005680104019120336
decoder,0.005729242926463485
decoder,0.005646063014864922
decoder,0.005696733016520739
decoder,0.005664833122864366
decoder,0.005669923033565283
decoder,0.005700133973732591
decoder,0.005689812824130058
decoder,0.005714754108339548
decoder,0.005712234182283282
decoder,0.005634213099256158
decoder,0.006308330921456218
decoder,0.006868768949061632
decoder,0.005774063989520073
decoder,0.00571057409979403
decoder,0.005912385880947113
decoder,0.006052997894585133
decoder,0.005753624020144343
decoder,0.005718733184039593
decoder,0.005730842938646674
decoder,0.005860165925696492
decoder,0.005691963946446776
decoder,0.005663213087245822
decoder,0.005609151907265186
decoder,0.005740184104070067
decoder,0.005678263027220964
decoder,0.005734164034947753
decoder,0.005644571967422962
decoder,0.005617401795461774
decoder,0.005645473022013903
decoder,0.005683534080162644
decoder,0.0056649427860975266
decoder,0.00571764400228858
decoder,0.005620641866698861
decoder,0.005624542012810707
decoder,0.005745524074882269
decoder,0.005630251951515675
decoder,0.005653053056448698
decoder,0.005614371970295906
decoder,0.005687354132533073
decoder,0.005628902930766344
decoder,0.005689122946932912
decoder,0.005616263020783663
decoder,0.005626261932775378
decoder,0.005632502026855946
decoder,0.005663163028657436
decoder,0.005625192075967789
decoder,0.005664133001118898
decoder,0.005617761984467506
decoder,0.005625462858006358
decoder,0.005588792031630874
decoder,0.006930880015715957
decoder,0.005625593010336161
decoder,0.005717722931876779
decoder,0.005614291876554489
decoder,0.006614484824240208
decoder,0.007958743022754788
decoder,0.0056336019188165665
decoder,0.005664802854880691
decoder,0.005902825854718685
decoder,0.005574082024395466
decoder,0.005638753063976765
decoder,0.005628051934763789
decoder,0.005632353015244007
encoder,0.014950082870200276
decoder,0.009572542971000075
decoder,0.007349855033680797
decoder,0.005749193951487541
decoder,0.005671233870089054
decoder,0.0056412729900330305
decoder,0.005707653006538749
decoder,0.005679112859070301
decoder,0.005684572970494628
decoder,0.005657322937622666
decoder,0.005751503864303231
decoder,0.005741923814639449
decoder,0.005916645983234048
decoder,0.005720302928239107
decoder,0.005801544990390539
decoder,0.005678373156115413
decoder,0.005640573101118207
decoder,0.0056973539758473635
decoder,0.0057455541100353
decoder,0.005702743073925376
decoder,0.005687092896550894
decoder,0.005661992821842432
decoder,0.005673913052305579
decoder,0.005672022933140397
decoder,0.005716423969715834
decoder,0.005643283016979694
decoder,0.00560224219225347
decoder,0.005696292966604233
decoder,0.005635962123051286
decoder,0.005658663110807538
decoder,0.005706683034077287
decoder,0.0056496430188417435
decoder,0.005607543047517538
decoder,0.005675922846421599
decoder,0.005674773128703237
decoder,0.005680761998519301
decoder,0.005647882120683789
decoder,0.0058522759936749935
decoder,0.006479303119704127
decoder,0.005692723207175732
decoder,0.005655653076246381
decoder,0.005692572798579931
decoder,0.006087147863581777
decoder,0.005619852105155587
decoder,0.005737544037401676
decoder,0.005658522946760058
decoder,0.005683922907337546
decoder,0.005670303013175726
decoder,0.005681441863998771
decoder,0.005653712898492813
decoder,0.005655813030898571
decoder,0.00577890407294035
decoder,0.005709984106943011
decoder,0.005704984068870544
decoder,0.005726632894948125
decoder,0.005697633838281035
decoder,0.005618153139948845
decoder,0.0056664529256522655
decoder,0.005688123870640993
decoder,0.005685682874172926
decoder,0.0056553129106760025
decoder,0.005669852951541543
decoder,0.005663322983309627
decoder,0.0057004939299076796
decoder,0.005680364090949297
decoder,0.005641711875796318
decoder,0.00570676289498806
decoder,0.005642163101583719
decoder,0.0056874428410083055
decoder,0.005682402988895774
decoder,0.0057319640181958675
decoder,0.0056843520142138
decoder,0.0056630331091582775
decoder,0.005987138021737337
decoder,0.006729126907885075
decoder,0.005670072976499796
decoder,0.005687073105946183
decoder,0.00562119297683239
decoder,0.00562183209694922
decoder,0.005632351851090789
decoder,0.0056485929526388645
decoder,0.005654723849147558
decoder,0.0056497929617762566
decoder,0.005604892037808895
decoder,0.0055757618974894285
decoder,0.005625061923637986
decoder,0.00661491509526968
decoder,0.005803345004096627
decoder,0.005620063049718738
decoder,0.00617832993157208
decoder,0.005627503152936697
decoder,0.005824405001476407
decoder,0.006704165833070874
decoder,0.005760204046964645
encoder,0.017872299998998642
decoder,0.009658553870394826
decoder,0.007321953075006604
decoder,0.0056161219254136086
decoder,0.005682503106072545
decoder,0.005670833867043257
decoder,0.00566652393899858
decoder,0.0056563629768788815
decoder,0.005605751881375909
decoder,0.005635122070088983
decoder,0.0056463018991053104
decoder,0.00566817307844758
decoder,0.0057596550323069096
decoder,0.005659803049638867
decoder,0.005632102955132723
decoder,0.005687254015356302
decoder,0.00567517289891839
decoder,0.006090749055147171
decoder,0.005674572894349694
decoder,0.005636282032355666
decoder,0.005679422989487648
decoder,0.005649212980642915
decoder,0.005611863220110536
decoder,0.005697702988982201
decoder,0.005711154080927372
decoder,0.005694864084944129
decoder,0.005696712993085384
decoder,0.005667362827807665
decoder,0.005682051880285144
decoder,0.005726163042709231
decoder,0.005881384946405888
decoder,0.005747813964262605
decoder,0.005710914032533765
decoder,0.005669333040714264
decoder,0.005710453959181905
decoder,0.005748093826696277
decoder,0.005793234100565314
decoder,0.005704362876713276
decoder,0.0057002229150384665
decoder,0.005688863107934594
decoder,0.005734893959015608
decoder,0.005748433992266655
decoder,0.005713894031941891
decoder,0.005670642945915461
decoder,0.006460282951593399
decoder,0.0058372849598526955
decoder,0.006223861128091812
decoder,0.0057392839808017015
decoder,0.005716894054785371
decoder,0.005719513865187764
decoder,0.005734283942729235
decoder,0.005737734027206898
decoder,0.0057504139840602875
decoder,0.005698163993656635
decoder,0.005737154046073556
decoder,0.005766374059021473
decoder,0.005728013115003705
decoder,0.005737274186685681
decoder,0.0056859629694372416
decoder,0.005707083968445659
decoder,0.005723623791709542
decoder,0.005747124087065458
decoder,0.005741223925724626
decoder,0.005707592936232686
decoder,0.005692684091627598
decoder,0.005645293043926358
decoder,0.005671713035553694
decoder,0.0057024830020964146
decoder,0.005715003935620189
decoder,0.00571372383274138
decoder,0.005728703923523426
decoder,0.005705483956262469
decoder,0.0057148439809679985
decoder,0.00565779278986156
decoder,0.005716843996196985
decoder,0.005706614116206765
decoder,0.005711352918297052
decoder,0.005691251950338483
decoder,0.005674992920830846
decoder,0.00564379314891994
decoder,0.005682202987372875
decoder,0.005646372912451625
decoder,0.005651692859828472
decoder,0.0056314130779355764
decoder,0.005657802801579237
decoder,0.006439062999561429
decoder,0.0076571181416511536
decoder,0.006768366089090705
decoder,0.0056901739444583654
decoder,0.006059588864445686
decoder,0.0069759199395775795
decoder,0.005654492881149054
encoder,0.012800685130059719
decoder,0.009759475942701101
decoder,0.00736461509950459
decoder,0.005656443070620298
decoder,0.005654362961649895
decoder,0.0056348631624132395
decoder,0.005622982047498226
decoder,0.00566176394931972
decoder,0.0056605038698762655
decoder,0.005702802911400795
decoder,0.00563783198595047
decoder,0.005642013158649206
decoder,0.005641832947731018
decoder,0.005654522916302085
decoder,0.0056339718867093325
decoder,0.005684511968865991
decoder,0.005696933949366212
decoder,0.005738023901358247
decoder,0.0057120840065181255
decoder,0.005689063109457493
decoder,0.0056311930529773235
decoder,0.005639572162181139
decoder,0.00565136200748384
decoder,0.005607921862974763
decoder,0.005680793896317482
decoder,0.005708853015676141
decoder,0.005703873001039028
decoder,0.0056806139182299376
decoder,0.005639621987938881
decoder,0.0056228130124509335
decoder,0.005642561940476298
decoder,0.005680033005774021
decoder,0.005639772163704038
decoder,0.005631142063066363
