0,encoder,0.013930708169937134
0,decoder,0.01432699291035533
0,decoder,0.013186329044401646
0,decoder,0.013134047854691744
0,decoder,0.01315786805935204
0,decoder,0.013149118050932884
0,decoder,0.013227107934653759
0,decoder,0.013133107917383313
0,decoder,0.01314854808151722
0,decoder,0.01321903895586729
0,decoder,0.01315808785147965
0,decoder,0.013333860086277127
0,decoder,0.013313979841768742
0,decoder,0.013264779932796955
0,decoder,0.01349460193887353
0,decoder,0.013398290844634175
0,decoder,0.013386381091549993
0,decoder,0.01335226115770638
0,decoder,0.013299559941515326
0,decoder,0.01340154092758894
0,encoder,0.01018168986774981
0,decoder,0.01576126110740006
0,decoder,0.01429694308899343
0,decoder,0.014211511006578803
0,decoder,0.014262162148952484
0,decoder,0.014281512936577201
0,decoder,0.014161121100187302
0,decoder,0.014279322931542993
0,decoder,0.014316363027319312
0,decoder,0.014215221861377358
0,decoder,0.014266422018408775
0,decoder,0.014298931928351521
0,decoder,0.014304162934422493
0,decoder,0.014336923137307167
0,decoder,0.014371243072673678
0,decoder,0.014369843993335962
0,decoder,0.014363843947649002
0,decoder,0.014414424076676369
0,decoder,0.014500454999506474
0,decoder,0.014318063156679273
0,decoder,0.01435884297825396
0,encoder,0.012639791006222367
0,decoder,0.01606372487731278
0,decoder,0.014384764013811946
0,decoder,0.014362463029101491
0,decoder,0.014311552047729492
0,decoder,0.014231640845537186
0,decoder,0.014351833146065474
0,decoder,0.01424543117173016
0,decoder,0.014203500933945179
0,decoder,0.014264951925724745
0,decoder,0.014199931174516678
0,decoder,0.014277620939537883
0,decoder,0.014207492116838694
0,decoder,0.014258131850510836
0,decoder,0.014274172019213438
0,decoder,0.01430634199641645
0,decoder,0.014310662867501378
0,decoder,0.014291681814938784
0,decoder,0.014259401010349393
0,decoder,0.014286481076851487
0,decoder,0.015080251963809133
0,encoder,0.013570502866059542
0,decoder,0.015840273117646575
0,decoder,0.014221532037481666
0,decoder,0.014219700125977397
0,decoder,0.014174481155350804
0,decoder,0.014343952992931008
0,decoder,0.014254281995818019
0,decoder,0.01416881987825036
0,decoder,0.014225131832063198
0,decoder,0.014234121888875961
0,decoder,0.014174681156873703
0,decoder,0.014217770891264081
0,decoder,0.014280571835115552
0,decoder,0.014220362063497305
0,decoder,0.014761958038434386
0,decoder,0.014836459187790751
0,decoder,0.014181790873408318
0,decoder,0.014761219033971429
0,decoder,0.014973049983382225
0,decoder,0.014513595029711723
0,decoder,0.014490444911643863
0,decoder,0.014369683107361197
0,decoder,0.015083021949976683
0,encoder,0.013143887976184487
0,decoder,0.015961443074047565
0,decoder,0.01430582208558917
0,decoder,0.014224280836060643
0,decoder,0.014279132010415196
0,decoder,0.014358773129060864
0,decoder,0.014319262001663446
0,decoder,0.014284342993050814
0,decoder,0.014292712090536952
0,decoder,0.014309362974017859
0,decoder,0.014311652164906263
0,decoder,0.014365251874551177
0,decoder,0.01439558295533061
0,decoder,0.014489434193819761
0,decoder,0.014360913075506687
0,decoder,0.014261221047490835
0,decoder,0.014221000950783491
0,decoder,0.01439171307720244
0,decoder,0.014336262131109834
0,decoder,0.014367872849106789
0,decoder,0.014310922008007765
0,decoder,0.014431623974815011
0,decoder,0.014354771934449673
0,encoder,0.012774262111634016
0,decoder,0.0156116490252316
0,decoder,0.014073670143261552
0,decoder,0.01412684004753828
0,decoder,0.014062480069696903
0,decoder,0.014092350145801902
0,decoder,0.0142294408287853
0,decoder,0.014184050960466266
0,decoder,0.01422617002390325
0,decoder,0.014253322035074234
0,decoder,0.014153310097754002
0,decoder,0.014245252124965191
0,decoder,0.01412982982583344
0,decoder,0.01423942088149488
0,decoder,0.014143571024760604
0,decoder,0.014135678997263312
0,decoder,0.014145370107144117
0,decoder,0.014149799942970276
0,decoder,0.014207961037755013
0,decoder,0.014137760968878865
0,decoder,0.014626665972173214
0,decoder,0.014184159925207496
0,decoder,0.014261201024055481
0,decoder,0.014083698857575655
0,encoder,0.01292693498544395
0,decoder,0.015544786816462874
0,decoder,0.014246751088649035
0,decoder,0.014180120080709457
0,decoder,0.014163620071485639
0,decoder,0.014359342865645885
0,decoder,0.014385902089998126
0,decoder,0.014329981990158558
0,decoder,0.014279360882937908
0,decoder,0.01436158292926848
0,decoder,0.01433578203432262
0,decoder,0.014602256007492542
0,decoder,0.014569644816219807
0,decoder,0.014542434830218554
0,decoder,0.014665697002783418
0,decoder,0.01469637593254447
0,decoder,0.014820278156548738
0,decoder,0.014928849879652262
0,decoder,0.014522143872454762
0,decoder,0.01432088203728199
0,decoder,0.014669237192720175
0,decoder,0.01482426910661161
0,decoder,0.014586956007406116
0,decoder,0.014695577090606093
0,decoder,0.014721537940204144
0,decoder,0.014412254095077515
0,decoder,0.01444444409571588
0,encoder,0.014398262836039066
0,decoder,0.014297772198915482
0,decoder,0.013000844977796078
0,decoder,0.013139538001269102
0,decoder,0.013126177014783025
0,decoder,0.013119827024638653
0,decoder,0.013108217157423496
0,decoder,0.013170346850529313
0,decoder,0.013113876106217504
0,decoder,0.013238169020041823
0,decoder,0.013166857184842229
0,decoder,0.013188098091632128
0,decoder,0.01379095483571291
0,decoder,0.01398578705266118
0,decoder,0.014267470920458436
0,decoder,0.014325601980090141
0,decoder,0.014252900844439864
0,decoder,0.01590321189723909
0,decoder,0.013283068081364036
0,decoder,0.013242378132417798
0,encoder,0.01472628815099597
0,decoder,0.015771070029586554
0,decoder,0.0142646802123636
0,decoder,0.014293220825493336
0,decoder,0.014314072206616402
0,decoder,0.01435238216072321
0,decoder,0.01416748994961381
0,decoder,0.014272292144596577
0,decoder,0.014261160977184772
0,decoder,0.014297522138804197
0,decoder,0.01430078106932342
0,decoder,0.014250940876081586
0,decoder,0.014211570145562291
0,decoder,0.014283122029155493
0,decoder,0.014337242115288973
0,decoder,0.014242690987884998
0,decoder,0.01445595407858491
0,decoder,0.014402312925085425
0,decoder,0.014402853092178702
0,decoder,0.014299052068963647
0,decoder,0.014370262157171965
0,encoder,0.014265250880271196
0,decoder,0.015822691144421697
0,decoder,0.014264781028032303
0,decoder,0.014160159043967724
0,decoder,0.014318631961941719
0,decoder,0.014254411915317178
0,decoder,0.014217731077224016
0,decoder,0.01424785004928708
0,decoder,0.01419216999784112
0,decoder,0.01422184007242322
0,decoder,0.014251440996304154
0,decoder,0.014190339948982
0,decoder,0.014280792092904449
0,decoder,0.014222359983250499
0,decoder,0.014262421056628227
0,decoder,0.014251071028411388
0,decoder,0.014263362158089876
0,decoder,0.01428331108763814
0,decoder,0.014452842995524406
0,decoder,0.014396683080121875
0,decoder,0.014336121967062354
0,encoder,0.013070395914837718
0,decoder,0.015897651202976704
0,decoder,0.014334472129121423
0,decoder,0.014254000037908554
0,decoder,0.0142548109870404
0,decoder,0.014275491936132312
0,decoder,0.014297561021521688
0,decoder,0.014293500920757651
0,decoder,0.014254289912059903
0,decoder,0.014294021064415574
0,decoder,0.014267500955611467
0,decoder,0.014287821017205715
0,decoder,0.014368602074682713
0,decoder,0.014334280975162983
0,decoder,0.014319682028144598
0,decoder,0.014295350993052125
0,decoder,0.014318372122943401
0,decoder,0.014258390991017222
0,decoder,0.014406893169507384
0,decoder,0.014390393160283566
0,decoder,0.014713746029883623
0,decoder,0.014376113191246986
0,decoder,0.014241769909858704
0,encoder,0.014160249847918749
0,decoder,0.016008123056963086
0,decoder,0.014206541003659368
0,decoder,0.014193470124155283
0,decoder,0.01430467120371759
0,decoder,0.01430034195072949
0,decoder,0.014373342040926218
0,decoder,0.014323221985250711
0,decoder,0.014310771133750677
0,decoder,0.01436563185416162
0,decoder,0.014377793064340949
0,decoder,0.014347081072628498
0,decoder,0.0143568420317024
0,decoder,0.014415972866117954
0,decoder,0.01442660205066204
0,decoder,0.014317161869257689
0,decoder,0.014294381020590663
0,decoder,0.014365392969921231
0,decoder,0.014349461998790503
0,decoder,0.014652665005996823
0,decoder,0.014414562843739986
0,decoder,0.014353711856529117
0,decoder,0.014413562836125493
0,encoder,0.0141273089684546
0,decoder,0.01538590481504798
0,decoder,0.013818725012242794
0,decoder,0.013779334025457501
0,decoder,0.013794754864647985
0,decoder,0.013954116962850094
0,decoder,0.014090879121795297
0,decoder,0.014089187839999795
0,decoder,0.013986426871269941
0,decoder,0.013872597133740783
0,decoder,0.013957896968349814
0,decoder,0.014046637807041407
0,decoder,0.013839495135471225
0,decoder,0.013913087081164122
0,decoder,0.013902646023780107
0,decoder,0.01386355608701706
0,decoder,0.014010247075930238
0,decoder,0.014284701086580753
0,decoder,0.014378631953150034
0,decoder,0.014360721921548247
0,decoder,0.014324051095172763
0,decoder,0.014465722953900695
0,decoder,0.014525444013997912
0,decoder,0.014381901826709509
0,encoder,0.012774061877280474
0,decoder,0.015945682069286704
0,decoder,0.014847069047391415
0,decoder,0.014497984200716019
0,decoder,0.01454571494832635
0,decoder,0.014515914022922516
0,decoder,0.014501512981951237
0,decoder,0.014508254127576947
0,decoder,0.014549063984304667
0,decoder,0.014437272911891341
0,decoder,0.01475823693908751
0,decoder,0.015501786023378372
0,decoder,0.014681646134704351
0,decoder,0.014628865057602525
0,decoder,0.014600114896893501
0,decoder,0.014653835911303759
0,decoder,0.014633685117587447
0,decoder,0.014466083841398358
0,decoder,0.01446014316752553
0,decoder,0.014525204198434949
0,decoder,0.014478872995823622
0,decoder,0.014715885976329446
0,decoder,0.015754689928144217
0,decoder,0.014852508204057813
0,decoder,0.014566784957423806
0,decoder,0.014790276996791363
0,decoder,0.014539954019710422
0,encoder,0.013266017893329263
0,decoder,0.01391447614878416
0,decoder,0.012726600980386138
0,decoder,0.01291006407700479
0,decoder,0.013375489041209221
0,decoder,0.013806724920868874
0,decoder,0.014060037909075618
0,decoder,0.01412192895077169
0,decoder,0.014113659039139748
0,decoder,0.014095587888732553
0,decoder,0.014206568943336606
0,decoder,0.014333022059872746
0,decoder,0.014226950006559491
0,decoder,0.014197999145835638
0,decoder,0.014192018890753388
0,decoder,0.014207510044798255
0,decoder,0.014185149921104312
0,decoder,0.014186458894982934
0,decoder,0.014126298949122429
0,decoder,0.014181319857016206
0,encoder,0.01250866916961968
0,decoder,0.015261922962963581
0,decoder,0.013700144132599235
0,decoder,0.01371137285605073
0,decoder,0.013839884893968701
0,decoder,0.01366369309835136
0,decoder,0.013676583068445325
0,decoder,0.013788344105705619
0,decoder,0.013897286029532552
0,decoder,0.014498102944344282
0,decoder,0.013903876068070531
0,decoder,0.013831174932420254
0,decoder,0.013806105125695467
0,decoder,0.01382454507984221
0,decoder,0.013826515059918165
0,decoder,0.01400162698701024
0,decoder,0.014057258144021034
0,decoder,0.013736833119764924
0,decoder,0.013800054090097547
0,decoder,0.013748283963650465
0,decoder,0.01389443501830101
0,encoder,0.013269978109747171
0,decoder,0.015417033806443214
0,decoder,0.013845264911651611
0,decoder,0.013717143097892404
0,decoder,0.013799683889374137
0,decoder,0.013858844991773367
0,decoder,0.013823214918375015
0,decoder,0.013710543047636747
0,decoder,0.013683662982657552
0,decoder,0.013800474116578698
0,decoder,0.013752514030784369
0,decoder,0.013839625054970384
0,decoder,0.013697332935407758
0,decoder,0.013800214976072311
0,decoder,0.01377353398129344
0,decoder,0.014398742001503706
0,decoder,0.013930705143138766
0,decoder,0.01382891507819295
0,decoder,0.013853464974090457
0,decoder,0.013810393866151571
0,decoder,0.013839164981618524
0,encoder,0.014130989089608192
0,decoder,0.01597162103280425
0,decoder,0.014257230795919895
0,decoder,0.014216448878869414
0,decoder,0.014257980044931173
0,decoder,0.014501533005386591
0,decoder,0.01435941201634705
0,decoder,0.014317431021481752
0,decoder,0.014187789056450129
0,decoder,0.014168469002470374
0,decoder,0.014167148852720857
0,decoder,0.014226899947971106
0,decoder,0.014218259835615754
0,decoder,0.014230550033971667
0,decoder,0.01420241896994412
0,decoder,0.014143659034743905
0,decoder,0.01416233810596168
0,decoder,0.014173859031870961
0,decoder,0.014567464124411345
0,decoder,0.014285279903560877
0,decoder,0.014510513050481677
0,decoder,0.014310861006379128
0,decoder,0.014179498888552189
0,encoder,0.013099065981805325
0,decoder,0.015761139104142785
0,decoder,0.014228860149160028
0,decoder,0.014138628030195832
0,decoder,0.014222440076991916
0,decoder,0.014346160925924778
0,decoder,0.014269120059907436
0,decoder,0.014319529989734292
0,decoder,0.014249260071665049
0,decoder,0.014224179089069366
0,decoder,0.014326670905575156
0,decoder,0.01425380096770823
0,decoder,0.014299450907856226
0,decoder,0.014294630847871304
0,decoder,0.014308351092040539
0,decoder,0.014234199887141585
0,decoder,0.014231369132176042
0,decoder,0.01430104998871684
0,decoder,0.015155112138018012
0,decoder,0.01442522183060646
0,decoder,0.014295021072030067
0,decoder,0.01435620104894042
0,decoder,0.014345810981467366
0,encoder,0.012851732084527612
0,decoder,0.01584460004232824
0,decoder,0.014286180026829243
0,decoder,0.014361890964210033
0,decoder,0.014363001100718975
0,decoder,0.014348311815410852
0,decoder,0.014418781036511064
0,decoder,0.01442158198915422
0,decoder,0.014405193040147424
0,decoder,0.014507412910461426
0,decoder,0.014537113020196557
0,decoder,0.01446732203476131
0,decoder,0.014312929939478636
0,decoder,0.014338009990751743
0,decoder,0.014455421827733517
0,decoder,0.014456401811912656
0,decoder,0.014328941004350781
0,decoder,0.014255570014938712
0,decoder,0.014317651046440005
0,decoder,0.014360741013661027
0,decoder,0.014470342081040144
0,decoder,0.01441128202714026
0,decoder,0.014259709976613522
0,decoder,0.014249850064516068
0,encoder,0.014124867971986532
0,decoder,0.015646087005734444
0,decoder,0.014540523989126086
0,decoder,0.014528253115713596
0,decoder,0.014561082934960723
0,decoder,0.014498522970825434
0,decoder,0.014754506992176175
0,decoder,0.014751526061445475
0,decoder,0.014888837933540344
0,decoder,0.015105880796909332
0,decoder,0.015062519814819098
0,decoder,0.014922288013622165
0,decoder,0.014921549009159207
0,decoder,0.014905408024787903
0,decoder,0.015071730129420757
0,decoder,0.01502024894580245
0,decoder,0.014828556915745139
0,decoder,0.01495007798075676
0,decoder,0.01491219806484878
0,decoder,0.014840528136119246
0,decoder,0.01488224696367979
0,decoder,0.01497173891402781
0,decoder,0.01503258990123868
0,decoder,0.01500719878822565
0,decoder,0.01499570906162262
0,decoder,0.015000388957560062
0,decoder,0.014991289004683495
0,encoder,0.014007895952090621
0,decoder,0.014658353989943862
0,decoder,0.013520120875909925
0,decoder,0.01339269895106554
0,decoder,0.013311668066307902
0,decoder,0.013441469985991716
0,decoder,0.013358817901462317
0,decoder,0.013420079834759235
0,decoder,0.013376237824559212
0,decoder,0.013321628095582128
0,decoder,0.013396769994869828
0,decoder,0.01342062815092504
0,decoder,0.013432198902592063
0,decoder,0.013445880031213164
0,decoder,0.013381277909502387
0,decoder,0.01342265889979899
0,decoder,0.013473449973389506
0,decoder,0.013417209032922983
0,decoder,0.013416070025414228
0,decoder,0.01360096107237041
0,encoder,0.015063769882544875
0,decoder,0.015272181946784258
0,decoder,0.013837534934282303
0,decoder,0.013891384936869144
0,decoder,0.013708952814340591
0,decoder,0.013874914962798357
0,decoder,0.013947275001555681
0,decoder,0.014011086896061897
0,decoder,0.013935585040599108
0,decoder,0.013775303028523922
0,decoder,0.013885905034840107
0,decoder,0.013827183982357383
0,decoder,0.013913684990257025
0,decoder,0.015253891935572028
0,decoder,0.015100000193342566
0,decoder,0.016242024023085833
0,decoder,0.014068227028474212
0,decoder,0.018127209041267633
0,decoder,0.014003735966980457
0,decoder,0.013881925027817488
0,decoder,0.013935216004028916
0,encoder,0.013591239927336574
0,decoder,0.015499885892495513
0,decoder,0.01407069806009531
0,decoder,0.014209158951416612
0,decoder,0.014315309934318066
0,decoder,0.014192858012393117
0,decoder,0.014101328095421195
0,decoder,0.014085557078942657
0,decoder,0.014062556903809309
0,decoder,0.01411356683820486
0,decoder,0.014121928019449115
0,decoder,0.01409490779042244
0,decoder,0.014058606931939721
0,decoder,0.014093777164816856
0,decoder,0.014143957989290357
0,decoder,0.014184498926624656
0,decoder,0.014148847898468375
0,decoder,0.014211138943210244
0,decoder,0.014237069059163332
0,decoder,0.01418191916309297
0,decoder,0.014250068925321102
0,encoder,0.011645645834505558
0,decoder,0.016288714949041605
0,decoder,0.014808286912739277
0,decoder,0.01478824601508677
0,decoder,0.014749845955520868
0,decoder,0.014728676062077284
0,decoder,0.014699424849823117
0,decoder,0.01458991295658052
0,decoder,0.014608703786507249
0,decoder,0.01468371506780386
0,decoder,0.014696084894239902
0,decoder,0.01474497513845563
0,decoder,0.014678155072033405
0,decoder,0.014756425051018596
0,decoder,0.014736836077645421
0,decoder,0.014641794143244624
0,decoder,0.014605724019929767
0,decoder,0.014579774113371968
0,decoder,0.014648664044216275
0,decoder,0.014639424160122871
0,decoder,0.014783835969865322
0,decoder,0.014568682992830873
0,decoder,0.01446865196339786
0,encoder,0.013979145092889667
0,decoder,0.015698686940595508
0,decoder,0.014943867921829224
0,decoder,0.014391910983249545
0,decoder,0.01456522406078875
0,decoder,0.015934850089251995
0,decoder,0.01637717615813017
0,decoder,0.014109347015619278
0,decoder,0.014178988058120012
0,decoder,0.014160117832943797
0,decoder,0.014105687150731683
0,decoder,0.014014996122568846
0,decoder,0.014051547041162848
0,decoder,0.01418490894138813
0,decoder,0.014183348044753075
0,decoder,0.014000436058267951
0,decoder,0.013999115908518434
0,decoder,0.01402856595814228
0,decoder,0.014114318182691932
0,decoder,0.014154307078570127
0,decoder,0.014021606184542179
0,decoder,0.014072386780753732
0,decoder,0.014058606931939721
0,encoder,0.013427518075332046
0,decoder,0.015670076943933964
0,decoder,0.01404685596935451
0,decoder,0.01393733499571681
0,decoder,0.013850993942469358
0,decoder,0.014000396011397243
0,decoder,0.013925154926255345
0,decoder,0.013965285150334239
0,decoder,0.013990076025947928
0,decoder,0.013976035872474313
0,decoder,0.01396853500045836
0,decoder,0.013846943853423
0,decoder,0.013941805111244321
0,decoder,0.013901414815336466
0,decoder,0.013872533803805709
0,decoder,0.013892754912376404
0,decoder,0.013819054001942277
0,decoder,0.013969095889478922
0,decoder,0.01396615500561893
0,decoder,0.013830573996528983
0,decoder,0.01383252302184701
0,decoder,0.013875143835321069
0,decoder,0.01383697404526174
0,decoder,0.013886884087696671
0,encoder,0.013235545018687844
0,decoder,0.015423244098201394
0,decoder,0.014042905997484922
0,decoder,0.014034056104719639
0,decoder,0.014088137075304985
0,decoder,0.014296059031039476
0,decoder,0.014246389036998153
0,decoder,0.014294069027528167
0,decoder,0.01422964921221137
0,decoder,0.01421029819175601
0,decoder,0.014163838000968099
0,decoder,0.014162187930196524
0,decoder,0.014173018047586083
0,decoder,0.01413883687928319
0,decoder,0.014235608978196979
0,decoder,0.014198828022927046
0,decoder,0.01415516808629036
0,decoder,0.014203069033101201
0,decoder,0.014164308086037636
0,decoder,0.014155977871268988
0,decoder,0.014188438886776567
0,decoder,0.014179779216647148
0,decoder,0.014225367922335863
0,decoder,0.014146418077871203
0,decoder,0.01420667814090848
0,decoder,0.014206028077751398
0,decoder,0.014255588874220848
0,encoder,0.008538886904716492
0,decoder,0.006457889918237925
0,decoder,0.00573984207585454
0,decoder,0.005597109906375408
0,decoder,0.005482057807967067
0,decoder,0.0054511381313204765
0,decoder,0.0054950290359556675
0,decoder,0.005548400105908513
0,decoder,0.005497398087754846
0,decoder,0.005474359029904008
0,decoder,0.0054633780382573605
0,decoder,0.005452978191897273
0,decoder,0.005541299004107714
0,decoder,0.005493999924510717
0,decoder,0.005447567906230688
0,decoder,0.005520478822290897
0,decoder,0.005436358042061329
0,decoder,0.005506858928129077
0,decoder,0.005462087923660874
0,decoder,0.005453908117488027
0,decoder,0.0054388889111578465
0,decoder,0.005483279004693031
0,decoder,0.005452878074720502
0,decoder,0.005476928083226085
0,decoder,0.005476208869367838
0,decoder,0.005449148826301098
0,decoder,0.005477768136188388
0,decoder,0.005493269069120288
0,decoder,0.0054734989535063505
0,decoder,0.005511099006980658
0,encoder,0.009094093926250935
0,decoder,0.006877507083117962
0,decoder,0.006150837056338787
0,decoder,0.0058396628592163324
0,decoder,0.00590087310411036
0,decoder,0.005856262985616922
0,decoder,0.005754191894084215
0,decoder,0.005765952169895172
0,decoder,0.005774631863459945
0,decoder,0.005823852960020304
0,decoder,0.005780273117125034
0,decoder,0.0059542551171034575
0,decoder,0.005886873928830028
0,decoder,0.008534027030691504
0,decoder,0.0058183930814266205
0,decoder,0.005893894005566835
0,decoder,0.0057911318726837635
0,decoder,0.005878712981939316
0,decoder,0.005852584028616548
0,decoder,0.005850472953170538
0,decoder,0.005864163162186742
0,decoder,0.005794732831418514
0,decoder,0.005973475053906441
0,decoder,0.005883002886548638
0,decoder,0.005904683843255043
0,decoder,0.005894154077395797
0,decoder,0.005898903822526336
0,decoder,0.005908824037760496
0,decoder,0.0059004840441048145
0,decoder,0.005913933971896768
0,decoder,0.005916923983022571
0,encoder,0.009353587171062827
0,decoder,0.006612262921407819
0,decoder,0.006022854940965772
0,decoder,0.005815063137561083
0,decoder,0.005714351078495383
0,decoder,0.005704212002456188
0,decoder,0.005756851984187961
0,decoder,0.005699810804799199
0,decoder,0.005647951038554311
0,decoder,0.005698350956663489
0,decoder,0.005656431894749403
0,decoder,0.005669940961524844
0,decoder,0.0056504609528928995
0,decoder,0.00562904984690249
0,decoder,0.005678880959749222
0,decoder,0.005632909946143627
0,decoder,0.005639720940962434
0,decoder,0.005645629949867725
0,decoder,0.005707910982891917
0,decoder,0.005657091038301587
0,decoder,0.005681641167029738
0,decoder,0.005626881029456854
0,decoder,0.005664610071107745
0,decoder,0.005637599853798747
0,decoder,0.005629840074107051
0,decoder,0.005618381081148982
0,decoder,0.0056325411424040794
0,decoder,0.005765192909166217
0,decoder,0.00568892084993422
0,decoder,0.005647909827530384
0,decoder,0.00564431119710207
0,encoder,0.0044681059662252665
0,decoder,0.006283728871494532
0,decoder,0.005693071987479925
0,decoder,0.005517428973689675
0,decoder,0.005426278105005622
0,decoder,0.0054269779939204454
0,decoder,0.005406467942520976
0,decoder,0.005375766893848777
0,decoder,0.005437758984044194
0,decoder,0.005432468140497804
0,decoder,0.0054319670889526606
0,decoder,0.005499248160049319
0,decoder,0.0053993568290025
0,decoder,0.005411547841504216
0,decoder,0.005417178152129054
0,decoder,0.005406838143244386
0,decoder,0.005424778908491135
0,decoder,0.005482339067384601
0,decoder,0.005493067903444171
0,decoder,0.0054448689334094524
0,decoder,0.0054262480698525906
0,decoder,0.005391526967287064
0,decoder,0.005406307056546211
0,decoder,0.005419677123427391
0,decoder,0.005437568994238973
0,decoder,0.005442057969048619
0,decoder,0.005441328976303339
0,decoder,0.005501359002664685
0,decoder,0.005546778906136751
0,decoder,0.0054383978713303804
0,decoder,0.005424027796834707
0,encoder,0.007423392962664366
0,decoder,0.006634873105213046
0,decoder,0.00595815503038466
0,decoder,0.005749532021582127
0,decoder,0.005673021078109741
0,decoder,0.005707011092454195
0,decoder,0.005639340030029416
0,decoder,0.005751192104071379
0,decoder,0.005725302034988999
0,decoder,0.005647951038554311
0,decoder,0.005693220999091864
0,decoder,0.005682390881702304
0,decoder,0.005675660911947489
0,decoder,0.005656171822920442
0,decoder,0.005724091082811356
0,decoder,0.00564289977774024
0,decoder,0.005667889956384897
0,decoder,0.005670500919222832
0,decoder,0.005685581127181649
0,decoder,0.0056312899105250835
0,decoder,0.005627169972285628
0,decoder,0.005625010002404451
0,decoder,0.005715681938454509
0,decoder,0.005746781826019287
0,decoder,0.005751342047005892
0,decoder,0.0056553008034825325
0,decoder,0.0057063528802245855
0,decoder,0.0056966019328683615
0,decoder,0.005727382143959403
0,decoder,0.005691380938515067
0,decoder,0.005745172034949064
0,decoder,0.0057585821487009525
0,encoder,0.006143287057057023
0,decoder,0.007303670980036259
0,decoder,0.005914404056966305
0,decoder,0.005643350072205067
0,decoder,0.005570309003815055
0,decoder,0.005649921018630266
0,decoder,0.005619260016828775
0,decoder,0.00571539206430316
0,decoder,0.005560978781431913
0,decoder,0.005610381020233035
0,decoder,0.005556158954277635
0,decoder,0.005529399029910564
0,decoder,0.005555750103667378
0,decoder,0.005586549872532487
0,decoder,0.005570409120991826
0,decoder,0.005529789021238685
0,decoder,0.005572220077738166
0,decoder,0.005584190133959055
0,decoder,0.005577689036726952
0,decoder,0.005615781061351299
0,decoder,0.005584249971434474
0,decoder,0.005604299949482083
0,decoder,0.0055910099763423204
0,decoder,0.005557538941502571
0,decoder,0.005608899984508753
0,decoder,0.005541219841688871
0,decoder,0.005572988884523511
0,decoder,0.005545398918911815
0,decoder,0.00554663990624249
0,decoder,0.005548628978431225
0,decoder,0.00555455987341702
0,decoder,0.005561789032071829
0,encoder,0.008894681930541992
0,decoder,0.006399620091542602
0,decoder,0.005879712989553809
0,decoder,0.005635419860482216
0,decoder,0.0057114409282803535
0,decoder,0.005682230927050114
0,decoder,0.005646630888804793
0,decoder,0.00571008981205523
0,decoder,0.0057112108916044235
0,decoder,0.0057102409191429615
0,decoder,0.005667091114446521
0,decoder,0.005671511171385646
0,decoder,0.005705791059881449
0,decoder,0.005704680923372507
0,decoder,0.005694500869140029
0,decoder,0.005652840947732329
0,decoder,0.005630850093439221
0,decoder,0.005650511011481285
0,decoder,0.00565173989161849
0,decoder,0.005598689895123243
0,decoder,0.005663351155817509
0,decoder,0.0055539601016789675
0,decoder,0.0055348200257867575
0,decoder,0.005577639909461141
0,decoder,0.005552338901907206
0,decoder,0.005551440175622702
0,decoder,0.005553168943151832
0,decoder,0.005545048974454403
0,decoder,0.005552229005843401
0,decoder,0.005552579881623387
0,decoder,0.005539949983358383
0,decoder,0.005678521003574133
0,encoder,0.008572757942602038
0,decoder,0.006297028856351972
0,decoder,0.005640070186927915
0,decoder,0.005445548100396991
0,decoder,0.005438977852463722
0,decoder,0.0054558380506932735
0,decoder,0.005485879024490714
0,decoder,0.005502017913386226
0,decoder,0.005513208918273449
0,decoder,0.005463448818773031
0,decoder,0.005444177892059088
0,decoder,0.005486957961693406
0,decoder,0.005440837936475873
0,decoder,0.005941933952271938
0,decoder,0.006937047000974417
0,decoder,0.006257259054109454
0,decoder,0.005711410893127322
0,decoder,0.005828932859003544
0,decoder,0.005755882011726499
0,decoder,0.005732151912525296
0,decoder,0.005516798933967948
0,decoder,0.006929746130481362
0,decoder,0.00545552815310657
0,decoder,0.005473158089444041
0,decoder,0.005456618033349514
0,decoder,0.005479329032823443
0,decoder,0.005437407875433564
0,decoder,0.005449967924505472
0,decoder,0.0054096870590001345
0,decoder,0.005439397878944874
0,encoder,0.005709922173991799
0,decoder,0.006943617016077042
0,decoder,0.006122326012700796
0,decoder,0.0058507430367171764
0,decoder,0.006032636156305671
0,decoder,0.00580554292537272
0,decoder,0.005925563862547278
0,decoder,0.005799653008580208
0,decoder,0.005811292910948396
0,decoder,0.005929643986746669
0,decoder,0.0058988339733332396
0,decoder,0.005965584889054298
0,decoder,0.005856763105839491
0,decoder,0.005897392984479666
0,decoder,0.0058908239006996155
0,decoder,0.00590691389515996
0,decoder,0.005864033009856939
0,decoder,0.005866433028131723
0,decoder,0.006028704810887575
0,decoder,0.00581145309843123
0,decoder,0.005817682947963476
0,decoder,0.005781502928584814
0,decoder,0.005852892994880676
0,decoder,0.005821801954880357
0,decoder,0.005865312879905105
0,decoder,0.00589080317877233
0,decoder,0.0058641331270337105
0,decoder,0.00584906293079257
0,decoder,0.005844563012942672
0,decoder,0.005895093083381653
0,decoder,0.005896364105865359
0,encoder,0.005700770998373628
0,decoder,0.007312321104109287
0,decoder,0.006279578199610114
0,decoder,0.005828832974657416
0,decoder,0.005838422803208232
0,decoder,0.0058004530146718025
0,decoder,0.005819222191348672
0,decoder,0.005823523038998246
0,decoder,0.0058037531562149525
0,decoder,0.005774341989308596
0,decoder,0.005824302090331912
0,decoder,0.005805622087791562
0,decoder,0.005812981864437461
0,decoder,0.005827633198350668
0,decoder,0.005807591835036874
0,decoder,0.005814993055537343
0,decoder,0.005815802840515971
0,decoder,0.005820173071697354
0,decoder,0.005932773929089308
0,decoder,0.0058446419425308704
0,decoder,0.00580655294470489
0,decoder,0.005814102943986654
0,decoder,0.005791781935840845
0,decoder,0.005819543031975627
0,decoder,0.005848692962899804
0,decoder,0.0058428330812603235
0,decoder,0.005810132948681712
0,decoder,0.005897084018215537
0,decoder,0.005851102992892265
0,decoder,0.005809831898659468
0,decoder,0.005792232928797603
0,encoder,0.005606390070170164
0,decoder,0.0068895157892256975
0,decoder,0.0060459759552031755
0,decoder,0.005824583116918802
0,decoder,0.005835363175719976
0,decoder,0.0058147727977484465
0,decoder,0.005808642832562327
0,decoder,0.005767781985923648
0,decoder,0.005802992964163423
0,decoder,0.005783461965620518
0,decoder,0.005837531993165612
0,decoder,0.005869363900274038
0,decoder,0.00580932293087244
0,decoder,0.005794763099402189
0,decoder,0.005821082042530179
0,decoder,0.005799792008474469
0,decoder,0.005772361997514963
0,decoder,0.005800290964543819
0,decoder,0.005908894119784236
0,decoder,0.005885944003239274
0,decoder,0.0058765229769051075
0,decoder,0.005774141987785697
0,decoder,0.005810172995552421
0,decoder,0.005718801869079471
0,decoder,0.005919423885643482
0,decoder,0.00580096198245883
0,decoder,0.005878492956981063
0,decoder,0.005838992074131966
0,decoder,0.005834102863445878
0,decoder,0.005887242965400219
0,decoder,0.005952963139861822
0,encoder,0.007928158855065703
0,decoder,0.006602872163057327
0,decoder,0.005920164054259658
0,decoder,0.005754732061177492
0,decoder,0.005684139905497432
0,decoder,0.0056672110222280025
0,decoder,0.00563018093816936
0,decoder,0.005783051019534469
0,decoder,0.005643559852614999
0,decoder,0.005659410962834954
0,decoder,0.005652360850945115
0,decoder,0.0056208400055766106
0,decoder,0.005650819977745414
0,decoder,0.005670391023159027
0,decoder,0.00566479004919529
0,decoder,0.00563273997977376
0,decoder,0.005650229984894395
0,decoder,0.0056336799170821905
0,decoder,0.005629359977319837
0,decoder,0.0057240009773522615
0,decoder,0.005646480014547706
0,decoder,0.005632641026750207
0,decoder,0.005646700970828533
0,decoder,0.00569359096698463
0,decoder,0.005684711039066315
0,decoder,0.005716961110010743
0,decoder,0.005679010879248381
0,decoder,0.005633549997583032
0,decoder,0.0056662000715732574
0,decoder,0.005676440894603729
0,decoder,0.005658679874613881
0,decoder,0.005678670946508646
0,encoder,0.009439297951757908
0,decoder,0.00653793103992939
0,decoder,0.005889073945581913
0,decoder,0.00568306096829474
0,decoder,0.005584979895502329
0,decoder,0.0055837989784777164
0,decoder,0.005616819951683283
0,decoder,0.005550568923354149
0,decoder,0.005540058948099613
0,decoder,0.0055717588402330875
0,decoder,0.005571490153670311
0,decoder,0.005573248956352472
0,decoder,0.005580220138654113
0,decoder,0.0055566090159118176
0,decoder,0.005558198783546686
0,decoder,0.0055480890441685915
0,decoder,0.005719840992242098
0,decoder,0.005570019129663706
0,decoder,0.005560850026085973
0,decoder,0.005624030018225312
0,decoder,0.005610419902950525
0,decoder,0.0055620691273361444
0,decoder,0.005615670932456851
0,decoder,0.005645020166411996
0,decoder,0.0055681499652564526
0,decoder,0.005573170026764274
0,decoder,0.0056004999205470085
0,decoder,0.005573519971221685
0,decoder,0.005632269894704223
0,decoder,0.005567060085013509
0,decoder,0.00558207998983562
0,decoder,0.0055705399718135595
0,encoder,0.008831650018692017
0,decoder,0.006526069948449731
0,decoder,0.005862292135134339
0,decoder,0.005746791139245033
0,decoder,0.0056492111179977655
0,decoder,0.005627760197967291
0,decoder,0.005656639812514186
0,decoder,0.00569037115201354
0,decoder,0.005642160074785352
0,decoder,0.005637271096929908
0,decoder,0.005694200983271003
0,decoder,0.0056517410557717085
0,decoder,0.005617770133540034
0,decoder,0.0056402599439024925
0,decoder,0.005634990055114031
0,decoder,0.0056101600639522076
0,decoder,0.005619680043309927
0,decoder,0.005631161155179143
0,decoder,0.005718190921470523
0,decoder,0.005575879011303186
0,decoder,0.005598010029643774
0,decoder,0.005578980082646012
0,decoder,0.005622959928587079
0,decoder,0.0055898691061884165
0,decoder,0.005658710841089487
0,decoder,0.005684069823473692
0,decoder,0.005621110089123249
0,decoder,0.005603909958153963
0,decoder,0.005621170857921243
0,decoder,0.005590439075604081
0,decoder,0.0055740000680089
0,decoder,0.005655480083078146
0,encoder,0.008610436925664544
0,decoder,0.009504839079454541
0,decoder,0.005901362979784608
0,decoder,0.0056341299787163734
0,decoder,0.005515789147466421
0,decoder,0.005536718992516398
0,decoder,0.005510428920388222
0,decoder,0.00940370699390769
0,decoder,0.009352105902507901
0,decoder,0.009410748025402427
0,decoder,0.006113695912063122
0,decoder,0.005639679962769151
0,decoder,0.005533388815820217
0,decoder,0.005566710140556097
0,decoder,0.00558660994283855
0,decoder,0.005519419210031629
0,decoder,0.005522698163986206
0,decoder,0.0055408598855137825
0,decoder,0.005481897154822946
0,decoder,0.005546920001506805
0,decoder,0.005508237984031439
0,decoder,0.0055897298734635115
0,decoder,0.005618330091238022
0,decoder,0.005636909976601601
0,decoder,0.0056635800283402205
0,decoder,0.00559230986982584
0,decoder,0.005533379036933184
0,decoder,0.005609320010989904
0,decoder,0.005566478939726949
0,decoder,0.005595489172264934
0,encoder,0.008727907901629806
0,decoder,0.006591681856662035
0,decoder,0.005934164160862565
0,decoder,0.005803732899948955
0,decoder,0.005715460982173681
0,decoder,0.005760221974924207
0,decoder,0.005767391994595528
0,decoder,0.005716740852221847
0,decoder,0.005718071013689041
0,decoder,0.005673740059137344
0,decoder,0.005682501010596752
0,decoder,0.005705120973289013
0,decoder,0.005642231088131666
0,decoder,0.005650009959936142
0,decoder,0.005737151950597763
0,decoder,0.0056945811957120895
0,decoder,0.005650349892675877
0,decoder,0.005677870940417051
0,decoder,0.005734250880777836
0,decoder,0.00564785092137754
0,decoder,0.005646389909088612
0,decoder,0.006725524086505175
0,decoder,0.005806421861052513
0,decoder,0.0064664410892874
0,decoder,0.0057455021888017654
0,decoder,0.005713531048968434
0,decoder,0.005673251114785671
0,decoder,0.005674781044945121
0,decoder,0.005711341043934226
0,decoder,0.005695990985259414
0,decoder,0.005699811037629843
0,encoder,0.008213942172005773
0,decoder,0.0065944918897002935
0,decoder,0.005981475114822388
0,decoder,0.00580222113057971
0,decoder,0.005717292195186019
0,decoder,0.005638069938868284
0,decoder,0.005757291102781892
0,decoder,0.005664780968800187
0,decoder,0.005727700889110565
0,decoder,0.005706450901925564
0,decoder,0.005698231980204582
0,decoder,0.005705229938030243
0,decoder,0.0056546509731560946
0,decoder,0.0056897609028965235
0,decoder,0.005660400027409196
0,decoder,0.0058136931620538235
0,decoder,0.005773971090093255
0,decoder,0.005734441103413701
0,decoder,0.005826523061841726
0,decoder,0.005722531117498875
0,decoder,0.00566161097958684
0,decoder,0.0056723798625171185
0,decoder,0.0056779999285936356
0,decoder,0.005665980977937579
0,decoder,0.00567553099244833
0,decoder,0.005690230987966061
0,decoder,0.005634200060740113
0,decoder,0.005658301059156656
0,decoder,0.0057172710075974464
0,decoder,0.005757241044193506
0,decoder,0.005710110999643803
0,encoder,0.008461135905236006
0,decoder,0.006594512145966291
0,decoder,0.005914633860811591
0,decoder,0.005684490082785487
0,decoder,0.00565793109126389
0,decoder,0.005634719971567392
0,decoder,0.005626730155199766
0,decoder,0.005696532083675265
0,decoder,0.005625298945233226
0,decoder,0.005639208946377039
0,decoder,0.0056543308310210705
0,decoder,0.005645749857649207
0,decoder,0.005621540127322078
0,decoder,0.005644710035994649
0,decoder,0.005665511125698686
0,decoder,0.00563312997110188
0,decoder,0.005651768995448947
0,decoder,0.00563243986107409
0,decoder,0.0057000210508704185
0,decoder,0.005701069952920079
0,decoder,0.005609879968687892
0,decoder,0.0056439898908138275
0,decoder,0.005650509148836136
0,decoder,0.005658821202814579
0,decoder,0.005720791174098849
0,decoder,0.005647800164297223
0,decoder,0.005674479994922876
0,decoder,0.005661490140482783
0,decoder,0.005732830846682191
0,decoder,0.005719650071114302
0,decoder,0.005759801948443055
0,encoder,0.008893340127542615
0,decoder,0.006711242953315377
0,decoder,0.0059830250684171915
0,decoder,0.005793992197141051
0,decoder,0.005725221009925008
0,decoder,0.0057489711325615644
0,decoder,0.005697040818631649
0,decoder,0.005690400954335928
0,decoder,0.005695340922102332
0,decoder,0.0057844920083880424
0,decoder,0.00569875119253993
0,decoder,0.0056839510798454285
0,decoder,0.0057662909384816885
0,decoder,0.005765492096543312
0,decoder,0.005713620921596885
0,decoder,0.005692431004717946
0,decoder,0.0056874919682741165
0,decoder,0.005674310959875584
0,decoder,0.005669110920280218
0,decoder,0.005692500853911042
0,decoder,0.005707021104171872
0,decoder,0.005676810862496495
0,decoder,0.005697961896657944
0,decoder,0.005683880997821689
0,decoder,0.005762101151049137
0,decoder,0.0056948610581457615
0,decoder,0.005721190944314003
0,decoder,0.005727492040023208
0,decoder,0.005724661983549595
0,decoder,0.005696000996977091
0,decoder,0.005712361074984074
0,decoder,0.005714160855859518
0,encoder,0.007971629034727812
0,decoder,0.006513670086860657
0,decoder,0.005858612945303321
0,decoder,0.009332596091553569
0,decoder,0.005513628013432026
0,decoder,0.005593379959464073
0,decoder,0.005611599888652563
0,decoder,0.005539999110624194
0,decoder,0.00559775996953249
0,decoder,0.005619008792564273
0,decoder,0.005575318820774555
0,decoder,0.005568638909608126
0,decoder,0.005744200898334384
0,decoder,0.005647919839248061
0,decoder,0.005616788985207677
0,decoder,0.00564919994212687
0,decoder,0.005646019941195846
0,decoder,0.005564969964325428
0,decoder,0.0056156490463763475
0,decoder,0.005597319919615984
0,decoder,0.005583568941801786
0,decoder,0.005544699029996991
0,decoder,0.005593369947746396
0,decoder,0.005571380024775863
0,decoder,0.005594660062342882
0,decoder,0.005649138940498233
0,decoder,0.005607229890301824
0,decoder,0.005582528887316585
0,decoder,0.00560422008857131
0,decoder,0.005616098875179887
0,decoder,0.005582659039646387
0,decoder,0.005582639016211033
0,encoder,0.007434942061081529
0,decoder,0.006480539916083217
0,decoder,0.006155075971037149
0,decoder,0.005689919926226139
0,decoder,0.005606428952887654
0,decoder,0.005591119872406125
0,decoder,0.005568138090893626
0,decoder,0.005581149831414223
0,decoder,0.005602790042757988
0,decoder,0.005562668899074197
0,decoder,0.005636340007185936
0,decoder,0.005590739892795682
0,decoder,0.005598698975518346
0,decoder,0.005586329149082303
0,decoder,0.005550659028813243
0,decoder,0.005536308977752924
0,decoder,0.005546539090573788
0,decoder,0.005557888885959983
0,decoder,0.005555437877774239
0,decoder,0.005547559121623635
0,decoder,0.005547419190406799
0,decoder,0.005535949021577835
0,decoder,0.0055842099245637655
0,decoder,0.005580518860369921
0,decoder,0.005643170094117522
0,decoder,0.006473531015217304
0,decoder,0.0055521889589726925
0,decoder,0.005600741133093834
0,decoder,0.00563527992926538
0,decoder,0.005646030884236097
0,decoder,0.005614089081063867
0,decoder,0.005551208974793553
0,encoder,0.008485436206683517
0,decoder,0.006300747860223055
0,decoder,0.005674939835444093
0,decoder,0.0055720191448926926
0,decoder,0.005425056908279657
0,decoder,0.005405317060649395
0,decoder,0.005428208038210869
0,decoder,0.005427647847682238
0,decoder,0.005459347041323781
0,decoder,0.005446468014270067
0,decoder,0.005442637950181961
0,decoder,0.005427577067166567
0,decoder,0.005436026956886053
0,decoder,0.005425037816166878
0,decoder,0.005391567014157772
0,decoder,0.00538731599226594
0,decoder,0.005476668011397123
0,decoder,0.005411927122622728
0,decoder,0.005406916840001941
0,decoder,0.005483238026499748
0,decoder,0.005460927030071616
0,decoder,0.005436067935079336
0,decoder,0.005423086928203702
0,decoder,0.005429407116025686
0,decoder,0.005376767134293914
0,decoder,0.00551895797252655
0,decoder,0.00551515887491405
0,decoder,0.005438168067485094
0,decoder,0.0053698059637099504
0,decoder,0.005492987809702754
0,encoder,0.008046359987929463
0,decoder,0.006577010964974761
0,decoder,0.006330508040264249
0,decoder,0.0060834260657429695
0,decoder,0.005717800930142403
0,decoder,0.005678411107510328
0,decoder,0.00572097091935575
0,decoder,0.005747060989961028
0,decoder,0.005711731035262346
0,decoder,0.00802264898084104
0,decoder,0.006682062055915594
0,decoder,0.006099706050008535
0,decoder,0.006166255800053477
0,decoder,0.005744860973209143
0,decoder,0.005815081996843219
0,decoder,0.005768921924754977
0,decoder,0.005788532085716724
0,decoder,0.005696560954675078
0,decoder,0.005751841003075242
0,decoder,0.0058265021070837975
0,decoder,0.005743290996178985
0,decoder,0.005758361192420125
0,decoder,0.005766941932961345
0,decoder,0.005761181935667992
0,decoder,0.005758712068200111
0,decoder,0.0057355009485036135
0,decoder,0.0057313519064337015
0,decoder,0.005719271022826433
0,decoder,0.005749980919063091
0,decoder,0.005754482001066208
0,decoder,0.005750011885538697
0,encoder,0.007874607807025313
0,decoder,0.006537260953336954
0,decoder,0.005835501942783594
0,decoder,0.0056844300124794245
0,decoder,0.005697871092706919
0,decoder,0.005643351003527641
0,decoder,0.005641450174152851
0,decoder,0.00569636095315218
0,decoder,0.005688859848305583
0,decoder,0.005658360896632075
0,decoder,0.005834443029016256
0,decoder,0.005742980865761638
0,decoder,0.005668330006301403
0,decoder,0.0056329399812966585
0,decoder,0.005753790959715843
0,decoder,0.00568363000638783
0,decoder,0.005667990073561668
0,decoder,0.005673900013789535
0,decoder,0.0057968320325016975
0,decoder,0.005689261015504599
0,decoder,0.005686529912054539
0,decoder,0.005733330966904759
0,decoder,0.005694410065189004
0,decoder,0.005719520850107074
0,decoder,0.005750210955739021
0,decoder,0.005694851046428084
0,decoder,0.005641408963128924
0,decoder,0.005685250973328948
0,decoder,0.005672940984368324
0,decoder,0.005666170036420226
0,decoder,0.0056802809704095125
0,encoder,0.00836605322547257
0,decoder,0.006656131939962506
0,decoder,0.0058958029840141535
0,decoder,0.005653199972584844
0,decoder,0.005588600179180503
0,decoder,0.005647630197927356
0,decoder,0.005650329869240522
0,decoder,0.005709760822355747
0,decoder,0.005629729945212603
0,decoder,0.00562055897898972
0,decoder,0.005650940118357539
0,decoder,0.005671489983797073
0,decoder,0.005628419108688831
0,decoder,0.005700861103832722
0,decoder,0.0056928410194814205
0,decoder,0.005628220969811082
0,decoder,0.005648870952427387
0,decoder,0.005672920029610395
0,decoder,0.0057428618893027306
0,decoder,0.005702500930055976
0,decoder,0.007622555131092668
0,decoder,0.005624799989163876
0,decoder,0.005633790045976639
0,decoder,0.005657929927110672
0,decoder,0.00567537103779614
0,decoder,0.005650229984894395
0,decoder,0.005642520030960441
0,decoder,0.005662980023771524
0,decoder,0.005718850996345282
0,decoder,0.005690171150490642
0,decoder,0.005666330922394991
0,encoder,0.009078693110495806
0,decoder,0.006642601918429136
0,decoder,0.005871103145182133
0,decoder,0.005711870966479182
0,decoder,0.00568437110632658
0,decoder,0.0058575531002134085
0,decoder,0.005658579990267754
0,decoder,0.005674960091710091
0,decoder,0.005730150965973735
0,decoder,0.00569091085344553
0,decoder,0.005722980946302414
0,decoder,0.005781641928479075
0,decoder,0.005742940818890929
0,decoder,0.005716840969398618
0,decoder,0.0057277309242635965
0,decoder,0.0059980039950460196
0,decoder,0.007305020000785589
0,decoder,0.005705050891265273
0,decoder,0.005737710976973176
0,decoder,0.005735860904678702
0,decoder,0.005725150927901268
0,decoder,0.005758270854130387
0,decoder,0.005754690850153565
0,decoder,0.005806871922686696
0,decoder,0.005722441012039781
0,decoder,0.005746070994064212
0,decoder,0.00572697096504271
0,decoder,0.0057656720746308565
0,decoder,0.005756861995905638
0,decoder,0.00569115998223424
0,decoder,0.005724851042032242
0,decoder,0.005728502059355378
0,encoder,0.008604535833001137
0,decoder,0.0065470419358462095
0,decoder,0.005844312021508813
0,decoder,0.005599749041721225
0,decoder,0.005548918852582574
0,decoder,0.005578309064731002
0,decoder,0.005582948913797736
0,decoder,0.005582829006016254
0,decoder,0.0055723791010677814
0,decoder,0.005636128829792142
0,decoder,0.005596429109573364
0,decoder,0.005586518906056881
0,decoder,0.0056206099689006805
0,decoder,0.00566732999868691
0,decoder,0.005598998861387372
0,decoder,0.005640130024403334
0,decoder,0.005618889117613435
0,decoder,0.005612998967990279
0,decoder,0.005611439002677798
0,decoder,0.005614888854324818
0,decoder,0.005620959913358092
0,decoder,0.00561370886862278
0,decoder,0.00556911900639534
0,decoder,0.005584169179201126
0,decoder,0.005589399021118879
0,decoder,0.005611428990960121
0,decoder,0.0056047891266644
0,decoder,0.005637051071971655
0,decoder,0.005623920122161508
0,decoder,0.005594259826466441
0,decoder,0.005632410058751702
0,decoder,0.00563089014030993
0,encoder,0.007827687077224255
0,decoder,0.006524680880829692
0,decoder,0.005804612068459392
0,decoder,0.005640559131279588
0,decoder,0.00564232119359076
0,decoder,0.0056234600488096476
0,decoder,0.005626708967611194
0,decoder,0.005596640054136515
0,decoder,0.005652419989928603
0,decoder,0.00559310894459486
0,decoder,0.005633899942040443
0,decoder,0.005591110093519092
0,decoder,0.005616378970444202
0,decoder,0.0055933790281414986
0,decoder,0.005607108818367124
0,decoder,0.005627639824524522
0,decoder,0.005612239940091968
0,decoder,0.005566588137298822
0,decoder,0.005564328981563449
0,decoder,0.005569750210270286
0,decoder,0.005626959027722478
0,decoder,0.0055745888967067
0,decoder,0.005585008999332786
0,decoder,0.005612489068880677
0,decoder,0.005590278888121247
0,decoder,0.005612330045551062
0,decoder,0.005570898996666074
0,decoder,0.0055874790996313095
0,decoder,0.005554927978664637
0,decoder,0.005580449011176825
0,decoder,0.005570438923314214
0,decoder,0.005661651026457548
0,encoder,0.012939419830217957
0,decoder,0.012446484062820673
0,decoder,0.011194128077477217
0,decoder,0.01072366302832961
0,decoder,0.010667091934010386
0,decoder,0.010579531081020832
0,decoder,0.010606891009956598
0,decoder,0.010607070988044143
0,decoder,0.01057185116223991
0,decoder,0.010574779938906431
0,decoder,0.010550700826570392
0,decoder,0.010540660005062819
0,decoder,0.010430410038679838
0,decoder,0.010550200007855892
0,decoder,0.010559991002082825
0,decoder,0.010530029889196157
0,decoder,0.01054744003340602
0,decoder,0.010557429865002632
0,decoder,0.0105296999681741
0,decoder,0.010544691001996398
0,decoder,0.010508759878575802
0,decoder,0.010510910069569945
0,decoder,0.010522049851715565
0,decoder,0.010594881139695644
0,decoder,0.010496699949726462
0,decoder,0.010489860083907843
0,decoder,0.010558600071817636
0,decoder,0.010566170094534755
0,decoder,0.010549751110374928
0,decoder,0.010548410937190056
0,encoder,0.012486134888604283
0,decoder,0.012849539052695036
0,decoder,0.011473340913653374
0,decoder,0.011067216983065009
0,decoder,0.011110197054222226
0,decoder,0.011051916982978582
0,decoder,0.011011086869984865
0,decoder,0.011056415969505906
0,decoder,0.01104935584589839
0,decoder,0.011016287142410874
0,decoder,0.011091138003394008
0,decoder,0.010990425944328308
0,decoder,0.01105248718522489
0,decoder,0.011048316024243832
0,decoder,0.011074437061324716
0,decoder,0.011072647059336305
0,decoder,0.011059606913477182
0,decoder,0.011087166843935847
0,decoder,0.011127736885100603
0,decoder,0.01099056494422257
0,decoder,0.011102737858891487
0,decoder,0.011120176874101162
0,decoder,0.011102396994829178
0,decoder,0.011153107974678278
0,decoder,0.011059617158025503
0,decoder,0.0110621671192348
0,decoder,0.01115219690836966
0,decoder,0.011085717007517815
0,decoder,0.011044536950066686
0,decoder,0.011167328106239438
0,decoder,0.01109629706479609
0,encoder,0.011874485993757844
0,decoder,0.012996340170502663
0,decoder,0.01153841195628047
0,decoder,0.011217767838388681
0,decoder,0.01120368717238307
0,decoder,0.01124798902310431
0,decoder,0.01118549914099276
0,decoder,0.011147306999191642
0,decoder,0.01116268802434206
0,decoder,0.0112356289755553
0,decoder,0.011182638118043542
0,decoder,0.011146917007863522
0,decoder,0.011168309021741152
0,decoder,0.011198299005627632
0,decoder,0.011202077846974134
0,decoder,0.011195017024874687
0,decoder,0.011247299844399095
0,decoder,0.011222949018701911
0,decoder,0.011149876983836293
0,decoder,0.011145607102662325
0,decoder,0.011141597991809249
0,decoder,0.011125226970762014
0,decoder,0.011131657054647803
0,decoder,0.011197798186913133
0,decoder,0.011087138205766678
0,decoder,0.011017786106094718
0,decoder,0.013336993986740708
0,decoder,0.011104916920885444
0,decoder,0.011167438002303243
0,decoder,0.01338423602283001
0,decoder,0.011163196992129087
0,encoder,0.011760164983570576
0,decoder,0.013044330989941955
0,decoder,0.01152228214778006
0,decoder,0.011225289199501276
0,decoder,0.01122165797278285
0,decoder,0.011192898033186793
0,decoder,0.011216109152883291
0,decoder,0.011140346992760897
0,decoder,0.01119801914319396
0,decoder,0.011160198133438826
0,decoder,0.011116997106000781
0,decoder,0.011092667002230883
0,decoder,0.011134687112644315
0,decoder,0.01119839702732861
0,decoder,0.011211598990485072
0,decoder,0.011172126978635788
0,decoder,0.01116584800183773
0,decoder,0.01119857793673873
0,decoder,0.01117174793034792
0,decoder,0.011207228992134333
0,decoder,0.011208147974684834
0,decoder,0.011142566800117493
0,decoder,0.011829266091808677
0,decoder,0.012383013032376766
0,decoder,0.012718276819214225
0,decoder,0.011281050043180585
0,decoder,0.011152856983244419
0,decoder,0.01114706788212061
0,decoder,0.011089925887063146
0,decoder,0.011082445969805121
0,decoder,0.01112287794239819
0,encoder,0.01308332197368145
0,decoder,0.013111441861838102
0,decoder,0.011556172976270318
0,decoder,0.011221967870369554
0,decoder,0.011200769105926156
0,decoder,0.011215547798201442
0,decoder,0.011324760038405657
0,decoder,0.011267518857493997
0,decoder,0.01130548003129661
0,decoder,0.01128488895483315
0,decoder,0.01120378915220499
0,decoder,0.011423920979723334
0,decoder,0.011322350008413196
0,decoder,0.011207467876374722
0,decoder,0.011207129107788205
0,decoder,0.011232597986236215
0,decoder,0.011247748974710703
0,decoder,0.011215067934244871
0,decoder,0.011283890111371875
0,decoder,0.011262167943641543
0,decoder,0.011372130829840899
0,decoder,0.011267408961430192
0,decoder,0.01125391898676753
0,decoder,0.011369890067726374
0,decoder,0.011291319970041513
0,decoder,0.011402549920603633
0,decoder,0.011336330091580749
0,decoder,0.01139564998447895
0,decoder,0.011403911048546433
0,decoder,0.0113303791731596
0,decoder,0.011290800059214234
0,decoder,0.011346990009769797
0,encoder,0.01535081909969449
0,decoder,0.01319206296466291
0,decoder,0.011092426022514701
0,decoder,0.010747291846200824
0,decoder,0.010698871919885278
0,decoder,0.010683282045647502
0,decoder,0.010680890874937177
0,decoder,0.010800473857671022
0,decoder,0.01077599311247468
0,decoder,0.010782422963529825
0,decoder,0.010666602058336139
0,decoder,0.010723532177507877
0,decoder,0.010801922995597124
0,decoder,0.010758341988548636
0,decoder,0.010853423038497567
0,decoder,0.010966364992782474
0,decoder,0.010880393907427788
0,decoder,0.010809832951053977
0,decoder,0.01080966298468411
0,decoder,0.010774412890896201
0,decoder,0.010776633862406015
0,decoder,0.010772272944450378
0,decoder,0.010730671929195523
0,decoder,0.0107186920940876
0,decoder,0.010842594085261226
0,decoder,0.010783102829009295
0,decoder,0.01073657302185893
0,decoder,0.010735003044828773
0,decoder,0.0107845738530159
0,decoder,0.010772621957585216
0,decoder,0.0107905229087919
0,decoder,0.010762203019112349
0,encoder,0.013055241899564862
0,decoder,0.012445142958313227
0,decoder,0.011324709048494697
0,decoder,0.01098251505754888
0,decoder,0.010737842181697488
0,decoder,0.01083006290718913
0,decoder,0.010770553024485707
0,decoder,0.01074467203579843
0,decoder,0.01072101085446775
0,decoder,0.010835653869435191
0,decoder,0.010773333022370934
0,decoder,0.010761552024632692
0,decoder,0.01076516299508512
0,decoder,0.01074810209684074
0,decoder,0.010808412916958332
0,decoder,0.010787723120301962
0,decoder,0.010730932001024485
0,decoder,0.010828792816027999
0,decoder,0.010798993054777384
0,decoder,0.01086866483092308
0,decoder,0.01076770294457674
0,decoder,0.010751251829788089
0,decoder,0.010766163002699614
0,decoder,0.01072961208410561
0,decoder,0.01085462304763496
0,decoder,0.010743822203949094
0,decoder,0.010755053022876382
0,decoder,0.010907914023846388
0,decoder,0.010714141884818673
0,decoder,0.010764023987576365
0,decoder,0.010785493068397045
0,decoder,0.010787582956254482
0,encoder,0.011289599118754268
0,decoder,0.012189029948785901
0,decoder,0.011013126000761986
0,decoder,0.01046728901565075
0,decoder,0.010335556929931045
0,decoder,0.010436978889629245
0,decoder,0.010360937798395753
0,decoder,0.01040138816460967
0,decoder,0.010373956989496946
0,decoder,0.010350307915359735
0,decoder,0.010380127001553774
0,decoder,0.010349237825721502
0,decoder,0.010387378046289086
0,decoder,0.01039780699647963
0,decoder,0.010475378017872572
0,decoder,0.010511189932003617
0,decoder,0.010481168981641531
0,decoder,0.010495539056137204
0,decoder,0.010398067999631166
0,decoder,0.010465259198099375
0,decoder,0.010529350023716688
0,decoder,0.010484858881682158
0,decoder,0.010487328981980681
0,decoder,0.010515308938920498
0,decoder,0.010510119143873453
0,decoder,0.010538409929722548
0,decoder,0.010483599035069346
0,decoder,0.010565829928964376
0,decoder,0.010449457913637161
0,decoder,0.010515589965507388
0,encoder,0.012443294050171971
0,decoder,0.012582654831930995
0,decoder,0.011397471185773611
0,decoder,0.011003886116668582
0,decoder,0.011143876938149333
0,decoder,0.010872634127736092
0,decoder,0.010835343040525913
0,decoder,0.010972864925861359
0,decoder,0.010930094169452786
0,decoder,0.010905714007094502
0,decoder,0.010919213993474841
0,decoder,0.010933693964034319
0,decoder,0.011082825949415565
0,decoder,0.01094805495813489
0,decoder,0.01093333400785923
0,decoder,0.010881723137572408
0,decoder,0.010909294942393899
0,decoder,0.010905833914875984
0,decoder,0.01096129510551691
0,decoder,0.01095561496913433
0,decoder,0.010965154971927404
0,decoder,0.010931135155260563
0,decoder,0.010976714780554175
0,decoder,0.010950804920867085
0,decoder,0.01088922400958836
0,decoder,0.010926055023446679
0,decoder,0.010975565062835813
0,decoder,0.01096829492598772
0,decoder,0.010847202967852354
0,decoder,0.010896194027736783
0,decoder,0.010965655092149973
0,encoder,0.013756820000708103
0,decoder,0.012603085022419691
0,decoder,0.011351860128343105
0,decoder,0.011032026028260589
0,decoder,0.011042115977033973
0,decoder,0.010937413899227977
0,decoder,0.010908904019743204
0,decoder,0.01088589383289218
0,decoder,0.010877464199438691
0,decoder,0.010905853938311338
0,decoder,0.010898313950747252
0,decoder,0.010901164030656219
0,decoder,0.010885523864999413
0,decoder,0.010915332939475775
0,decoder,0.010861162794753909
0,decoder,0.01096623414196074
0,decoder,0.010904054855927825
0,decoder,0.010981985135003924
0,decoder,0.010884973919019103
0,decoder,0.010963415028527379
0,decoder,0.011007954832166433
0,decoder,0.010916403960436583
0,decoder,0.010942143853753805
0,decoder,0.010901184054091573
0,decoder,0.010964645072817802
0,decoder,0.01090196380391717
0,decoder,0.010855572996661067
0,decoder,0.011044865939766169
0,decoder,0.011017315089702606
0,decoder,0.01096573518589139
0,decoder,0.011005205800756812
0,encoder,0.012224349891766906
0,decoder,0.014475448057055473
0,decoder,0.011282159015536308
0,decoder,0.011032076086848974
0,decoder,0.011069785105064511
0,decoder,0.01093949400819838
0,decoder,0.010962174972519279
0,decoder,0.010900584980845451
0,decoder,0.010915473103523254
0,decoder,0.010920664994046092
0,decoder,0.010890183970332146
0,decoder,0.010917755076661706
0,decoder,0.01091758394613862
0,decoder,0.010993266012519598
0,decoder,0.010970224859192967
0,decoder,0.010898564010858536
0,decoder,0.010869353078305721
0,decoder,0.010932284872978926
0,decoder,0.010923834051936865
0,decoder,0.011104407021775842
0,decoder,0.011293218936771154
0,decoder,0.011165447998791933
0,decoder,0.011039956007152796
0,decoder,0.010969825088977814
0,decoder,0.010917093837633729
0,decoder,0.010901453904807568
0,decoder,0.010894173989072442
0,decoder,0.010871143080294132
0,decoder,0.010878853965550661
0,decoder,0.010850002989172935
0,decoder,0.010955214966088533
0,encoder,0.012272901134565473
0,decoder,0.012796377064660192
0,decoder,0.011536751873791218
0,decoder,0.011087874881923199
0,decoder,0.010980295017361641
0,decoder,0.011052135843783617
0,decoder,0.011044366052374244
0,decoder,0.011046146042644978
0,decoder,0.011021474143490195
0,decoder,0.01105064619332552
0,decoder,0.011114775901660323
0,decoder,0.011151786893606186
0,decoder,0.01124791894108057
0,decoder,0.0111737169791013
0,decoder,0.01113287708722055
0,decoder,0.011131116887554526
0,decoder,0.011081906035542488
0,decoder,0.011019275058060884
0,decoder,0.011043234961107373
0,decoder,0.011008345056325197
0,decoder,0.018057652050629258
0,decoder,0.018158723833039403
0,decoder,0.010911192977800965
0,decoder,0.010981695028021932
0,decoder,0.011077356059104204
0,decoder,0.011126766912639141
0,decoder,0.011125267017632723
0,decoder,0.011141716036945581
0,decoder,0.011021035956218839
0,decoder,0.011037446092814207
0,decoder,0.010992334922775626
0,decoder,0.011037305928766727
0,encoder,0.01185457594692707
0,decoder,0.012406112859025598
0,decoder,0.011320958146825433
0,decoder,0.010702991858124733
0,decoder,0.010575729887932539
0,decoder,0.01058444008231163
0,decoder,0.010659290943294764
0,decoder,0.01073466194793582
0,decoder,0.01068313093855977
0,decoder,0.010636060032993555
0,decoder,0.010740432888269424
0,decoder,0.010687460890039802
0,decoder,0.010652461089193821
0,decoder,0.010661510052159429
0,decoder,0.0107535719871521
0,decoder,0.010802231961861253
0,decoder,0.01076905196532607
0,decoder,0.01081179198808968
0,decoder,0.010849103098735213
0,decoder,0.01074812188744545
0,decoder,0.010707811918109655
0,decoder,0.01068773097358644
0,decoder,0.010646890848875046
0,decoder,0.010638570180162787
0,decoder,0.010711071081459522
0,decoder,0.010620671091601253
0,decoder,0.010654320940375328
0,decoder,0.01064183097332716
0,decoder,0.01070289104245603
0,decoder,0.01067011198028922
0,decoder,0.0106243088375777
0,decoder,0.010669641196727753
0,encoder,0.012356342049315572
0,decoder,0.013035150012001395
0,decoder,0.011790685122832656
0,decoder,0.010997036006301641
0,decoder,0.010945674031972885
0,decoder,0.010970045113936067
0,decoder,0.010967383859679103
0,decoder,0.010920463828369975
0,decoder,0.010904313996434212
0,decoder,0.010925363982096314
0,decoder,0.01087994291447103
0,decoder,0.010868042940273881
0,decoder,0.010891033103689551
0,decoder,0.010948074981570244
0,decoder,0.010888304095715284
0,decoder,0.010924183996394277
0,decoder,0.01094466308131814
0,decoder,0.010898383101448417
0,decoder,0.010865313932299614
0,decoder,0.011050996137782931
0,decoder,0.01090187393128872
0,decoder,0.010907643008977175
0,decoder,0.010878133121877909
0,decoder,0.010810412000864744
0,decoder,0.0108180430252105
0,decoder,0.010815593181177974
0,decoder,0.010763701982796192
0,decoder,0.010852742940187454
0,decoder,0.010810682782903314
0,decoder,0.010727951070293784
0,decoder,0.010850992985069752
0,decoder,0.010776533046737313
0,encoder,0.013182762078940868
0,decoder,0.012239719973877072
0,decoder,0.010924193076789379
0,decoder,0.010657469974830747
0,decoder,0.010392697993665934
0,decoder,0.01053818897344172
0,decoder,0.010474687907844782
0,decoder,0.010411728173494339
0,decoder,0.010324516100808978
0,decoder,0.010369536932557821
0,decoder,0.010307716205716133
0,decoder,0.010437958175316453
0,decoder,0.010331857018172741
0,decoder,0.010339546948671341
0,decoder,0.010378607083112001
0,decoder,0.012546533951535821
0,decoder,0.010314396116882563
0,decoder,0.010334016988053918
0,decoder,0.010409686947241426
0,decoder,0.010399417951703072
0,decoder,0.010400237049907446
0,decoder,0.01043182797729969
0,decoder,0.010390646988525987
0,decoder,0.010406357934698462
0,decoder,0.010491118999198079
0,decoder,0.010373257100582123
0,decoder,0.010416588047519326
0,decoder,0.010473988018929958
0,decoder,0.010335867060348392
0,decoder,0.010320007102563977
0,encoder,0.01155144115909934
0,decoder,0.012299431022256613
0,decoder,0.0110654360614717
0,decoder,0.0105897500179708
0,decoder,0.010532838990911841
0,decoder,0.010505088837817311
0,decoder,0.01043319795280695
0,decoder,0.01048324815928936
0,decoder,0.010518118040636182
0,decoder,0.010455737821757793
0,decoder,0.010514140129089355
0,decoder,0.01046165800653398
0,decoder,0.01056625903584063
0,decoder,0.010446686996147037
0,decoder,0.010478627867996693
0,decoder,0.010554489912465215
0,decoder,0.010538159171119332
0,decoder,0.010483738966286182
0,decoder,0.010620991000905633
0,decoder,0.0105434600263834
0,decoder,0.010648469906300306
0,decoder,0.010536229936406016
0,decoder,0.010748122120276093
0,decoder,0.010630951030179858
0,decoder,0.010573739185929298
0,decoder,0.010553909000009298
0,decoder,0.01046039815992117
0,decoder,0.010686191031709313
0,decoder,0.010479778051376343
0,decoder,0.010537679074332118
0,decoder,0.010591180063784122
0,encoder,0.01138204988092184
0,decoder,0.012598003959283233
0,decoder,0.01131152780726552
0,decoder,0.01105152489617467
0,decoder,0.011064936174079776
0,decoder,0.010957204038277268
0,decoder,0.010924254078418016
0,decoder,0.010964614106342196
0,decoder,0.011012844974175096
0,decoder,0.01101318490691483
0,decoder,0.010977413970977068
0,decoder,0.010885243071243167
0,decoder,0.010890682926401496
0,decoder,0.010873323073610663
0,decoder,0.010877783875912428
0,decoder,0.010867323027923703
0,decoder,0.01082795299589634
0,decoder,0.010891363024711609
0,decoder,0.01091220392845571
0,decoder,0.011084865080192685
0,decoder,0.010930944001302123
0,decoder,0.010917593026533723
0,decoder,0.010945603949949145
0,decoder,0.0108525431714952
0,decoder,0.011022134916856885
0,decoder,0.010911253048107028
0,decoder,0.01091776299290359
0,decoder,0.010932863922789693
0,decoder,0.010843393160030246
0,decoder,0.010974195087328553
0,decoder,0.010949293849989772
0,encoder,0.011792234145104885
0,decoder,0.012480261968448758
0,decoder,0.011294367955997586
0,decoder,0.010846742894500494
0,decoder,0.010822612093761563
0,decoder,0.010677631013095379
0,decoder,0.010567268822342157
0,decoder,0.010594059946015477
0,decoder,0.010591879952698946
0,decoder,0.010629520053043962
0,decoder,0.010572869097813964
0,decoder,0.010547049110755324
0,decoder,0.010638591134920716
0,decoder,0.010645050089806318
0,decoder,0.010762532008811831
0,decoder,0.010627990122884512
0,decoder,0.010641430970281363
0,decoder,0.01074190204963088
0,decoder,0.010598580120131373
0,decoder,0.01072708098217845
0,decoder,0.010715870885178447
0,decoder,0.010594889987260103
0,decoder,0.01055530016310513
0,decoder,0.010612180223688483
0,decoder,0.010710000991821289
0,decoder,0.010608539916574955
0,decoder,0.010566300014033914
0,decoder,0.010542178992182016
0,decoder,0.010520559968426824
0,decoder,0.010578189045190811
0,decoder,0.010676942067220807
0,encoder,0.012869638158008456
0,decoder,0.012473711976781487
0,decoder,0.011189986951649189
0,decoder,0.0107639420311898
0,decoder,0.010703430976718664
0,decoder,0.01066012098453939
0,decoder,0.010643289890140295
0,decoder,0.010647830087691545
0,decoder,0.010717710945755243
0,decoder,0.010704910848289728
0,decoder,0.010775031987577677
0,decoder,0.010635340120643377
0,decoder,0.010787791106849909
0,decoder,0.010701291030272841
0,decoder,0.010669111041352153
0,decoder,0.01073024095967412
0,decoder,0.010640840046107769
0,decoder,0.010672670090571046
0,decoder,0.010778851807117462
0,decoder,0.010733430972322822
0,decoder,0.010676010977476835
0,decoder,0.010684220120310783
0,decoder,0.010639199987053871
0,decoder,0.010792712913826108
0,decoder,0.010657450882717967
0,decoder,0.010663890978321433
0,decoder,0.010761392069980502
0,decoder,0.010657649952918291
0,decoder,0.010738811921328306
0,decoder,0.010717630852013826
0,decoder,0.010755831841379404
0,decoder,0.010714641073718667
0,encoder,0.012582374969497323
0,decoder,0.012047097086906433
0,decoder,0.010808042949065566
0,decoder,0.01038770703598857
0,decoder,0.010349797084927559
0,decoder,0.010290866019204259
0,decoder,0.010307795833796263
0,decoder,0.010374296922236681
0,decoder,0.010287976125255227
0,decoder,0.010495858965441585
0,decoder,0.010443028062582016
0,decoder,0.010367176029831171
0,decoder,0.010393957141786814
0,decoder,0.010441908147186041
0,decoder,0.010423277039080858
0,decoder,0.010372705990448594
0,decoder,0.01047808793373406
0,decoder,0.010417777812108397
0,decoder,0.010427318047732115
0,decoder,0.010531128849834204
0,decoder,0.01048470800742507
0,decoder,0.010508887935429811
0,decoder,0.010434627998620272
0,decoder,0.010375016834586859
0,decoder,0.010441406862810254
0,decoder,0.010405476903542876
0,decoder,0.010460068006068468
0,decoder,0.01044354704208672
0,decoder,0.010393666801974177
0,decoder,0.010460847988724709
0,decoder,0.01040726713836193
0,decoder,0.01047312910668552
0,encoder,0.011694992892444134
0,decoder,0.01207312778569758
0,decoder,0.010823232121765614
0,decoder,0.010405076900497079
0,decoder,0.010301115922629833
0,decoder,0.010362466098740697
0,decoder,0.010448037879541516
0,decoder,0.010389236966148019
0,decoder,0.010447358014062047
0,decoder,0.010444407816976309
0,decoder,0.010430007008835673
0,decoder,0.01039702701382339
0,decoder,0.010418107034638524
0,decoder,0.010456108022481203
0,decoder,0.010386577108874917
0,decoder,0.010371107142418623
0,decoder,0.010366386966779828
0,decoder,0.0104441880248487
0,decoder,0.010435687145218253
0,decoder,0.010411577066406608
0,decoder,0.010557889007031918
0,decoder,0.010436157928779721
0,decoder,0.010364485904574394
0,decoder,0.010404977947473526
0,decoder,0.010436868062242866
0,decoder,0.01044219802133739
0,decoder,0.01036588684655726
0,decoder,0.010376496007665992
0,decoder,0.010437146993353963
0,decoder,0.010353836929425597
0,decoder,0.010480357799679041
0,decoder,0.010352276964113116
0,encoder,0.011383948847651482
0,decoder,0.011859135003760457
0,decoder,0.010510009014979005
0,decoder,0.010218683863058686
0,decoder,0.010034793056547642
0,decoder,0.010226664831861854
0,decoder,0.010212715016677976
0,decoder,0.010109424125403166
0,decoder,0.01005076291039586
0,decoder,0.010062173008918762
0,decoder,0.01001017214730382
0,decoder,0.009983921889215708
0,decoder,0.01007004315033555
0,decoder,0.010058841900900006
0,decoder,0.01007716404274106
0,decoder,0.010111983865499496
0,decoder,0.009995813015848398
0,decoder,0.01003200188279152
0,decoder,0.00991795095615089
0,decoder,0.010023653041571379
0,decoder,0.009924851823598146
0,decoder,0.0099601608235389
0,decoder,0.010556239169090986
0,decoder,0.010473328176885843
0,decoder,0.010975743876770139
0,decoder,0.010977163910865784
0,decoder,0.010929452953860164
0,decoder,0.010852292878553271
0,decoder,0.012381711974740028
0,decoder,0.010106313042342663
0,encoder,0.012244670186191797
0,decoder,0.012345409952104092
0,decoder,0.011083476012572646
0,decoder,0.010552779072895646
0,decoder,0.01067285006865859
0,decoder,0.010470337932929397
0,decoder,0.010428728070110083
0,decoder,0.010560019873082638
0,decoder,0.01053927792236209
0,decoder,0.010674369987100363
0,decoder,0.010530709056183696
0,decoder,0.010612909914925694
0,decoder,0.010542849078774452
0,decoder,0.01064580981619656
0,decoder,0.010563698131591082
0,decoder,0.010620049899443984
0,decoder,0.010530657833442092
0,decoder,0.010566320037469268
0,decoder,0.01065671001560986
0,decoder,0.010508358012884855
0,decoder,0.010635310085490346
0,decoder,0.010556919034570456
0,decoder,0.01053236797451973
0,decoder,0.010651679942384362
0,decoder,0.01119399699382484
0,decoder,0.011616992065683007
0,decoder,0.011522750835865736
0,decoder,0.010705159977078438
0,decoder,0.010632019955664873
0,decoder,0.010827732039615512
0,decoder,0.010652750032022595
0,encoder,0.012836505891755223
0,decoder,0.012822006829082966
0,decoder,0.011438238900154829
0,decoder,0.011172876227647066
0,decoder,0.011017293902114034
0,decoder,0.01107481517829001
0,decoder,0.01101851393468678
0,decoder,0.011067585088312626
0,decoder,0.011066555976867676
0,decoder,0.011050715111196041
0,decoder,0.011071695014834404
0,decoder,0.011208836920559406
0,decoder,0.011124046053737402
0,decoder,0.011076915077865124
0,decoder,0.011088904924690723
0,decoder,0.011072994908317924
0,decoder,0.011074965121224523
0,decoder,0.011071665911003947
0,decoder,0.01109855598770082
0,decoder,0.014491836074739695
0,decoder,0.011028874898329377
0,decoder,0.011050584958866239
0,decoder,0.011048355838283896
0,decoder,0.011051594978198409
0,decoder,0.011077424976974726
0,decoder,0.011022145161405206
0,decoder,0.011061416007578373
0,decoder,0.01109237503260374
0,decoder,0.011037784861400723
0,decoder,0.01111300615593791
0,decoder,0.01113600586540997
0,encoder,0.016712593846023083
0,decoder,0.0175420839805156
0,decoder,0.01200172584503889
0,decoder,0.01133579807356
0,decoder,0.011300268117338419
0,decoder,0.0112533881329
0,decoder,0.011238246923312545
0,decoder,0.011233197059482336
0,decoder,0.011143235955387354
0,decoder,0.011198827065527439
0,decoder,0.011171197053045034
0,decoder,0.011190535966306925
0,decoder,0.011008264031261206
0,decoder,0.011142506031319499
0,decoder,0.01120882690884173
0,decoder,0.011147466022521257
0,decoder,0.01108678593300283
0,decoder,0.011152406921610236
0,decoder,0.011221755994483829
0,decoder,0.011201616143807769
0,decoder,0.011286988155916333
0,decoder,0.011124485870823264
0,decoder,0.011124236043542624
0,decoder,0.011089514940977097
0,decoder,0.011078106006607413
0,decoder,0.011055174982175231
0,decoder,0.011045715073123574
0,decoder,0.011064414866268635
0,decoder,0.011050286004319787
0,decoder,0.011025294894352555
0,decoder,0.011061124969273806
0,encoder,0.01233800989575684
0,decoder,0.013053409056738019
0,decoder,0.011632421985268593
0,decoder,0.011295268079265952
0,decoder,0.011409649159759283
0,decoder,0.011275796918198466
0,decoder,0.011343949008733034
0,decoder,0.011223716894164681
0,decoder,0.011238577077165246
0,decoder,0.011290597030892968
0,decoder,0.011245777131989598
0,decoder,0.011257967911660671
0,decoder,0.011325719067826867
0,decoder,0.011338317999616265
0,decoder,0.011290707858279347
0,decoder,0.011319727869704366
0,decoder,0.011232288088649511
0,decoder,0.01124090701341629
0,decoder,0.011289197951555252
0,decoder,0.011236606864258647
0,decoder,0.011256316909566522
0,decoder,0.011254227953031659
0,decoder,0.011216287035495043
0,decoder,0.011257826816290617
0,decoder,0.011270968010649085
0,decoder,0.011269897921010852
0,decoder,0.011227756971493363
0,decoder,0.01123227714560926
0,decoder,0.011253566946834326
0,decoder,0.011269096983596683
0,decoder,0.011209997115656734
0,decoder,0.011251177173107862
0,encoder,0.011138556059449911
0,decoder,0.012321899877861142
0,decoder,0.010994744021445513
0,decoder,0.010548349004238844
0,decoder,0.010444666957482696
0,decoder,0.010540697956457734
0,decoder,0.010521027958020568
0,decoder,0.010596948908641934
0,decoder,0.010478136828169227
0,decoder,0.01050807791762054
0,decoder,0.010565708857029676
0,decoder,0.010608779033645988
0,decoder,0.010540999006479979
0,decoder,0.010599859058856964
0,decoder,0.01066207978874445
0,decoder,0.010592749109491706
0,decoder,0.010652658995240927
0,decoder,0.010638050036504865
0,decoder,0.010607840027660131
0,decoder,0.01061935885809362
0,decoder,0.010634280042722821
0,decoder,0.010594530031085014
0,decoder,0.010677999816834927
0,decoder,0.010536439018324018
0,decoder,0.010660420171916485
0,decoder,0.010536849033087492
0,decoder,0.010521857999265194
0,decoder,0.01053632888942957
0,decoder,0.01052959798835218
0,decoder,0.010604889132082462
0,decoder,0.010547058191150427
0,decoder,0.010632380144670606
0,encoder,0.011957164853811264
0,decoder,0.012358450796455145
0,decoder,0.010896011954173446
0,decoder,0.010585119016468525
0,decoder,0.01051707798615098
0,decoder,0.010616988874971867
0,decoder,0.010688120033591986
0,decoder,0.010590008925646544
0,decoder,0.010666310088708997
0,decoder,0.010602099122479558
0,decoder,0.010616969084367156
0,decoder,0.010717971017584205
0,decoder,0.010606698924675584
0,decoder,0.010619199136272073
0,decoder,0.010624108836054802
0,decoder,0.010711040114983916
0,decoder,0.010639480082318187
0,decoder,0.010669599985703826
0,decoder,0.010673349956050515
0,decoder,0.010650020092725754
0,decoder,0.01065877010114491
0,decoder,0.010619719978421926
0,decoder,0.010674920165911317
0,decoder,0.010654879035428166
0,decoder,0.010617228923365474
0,decoder,0.010647469898685813
0,decoder,0.010568477911874652
0,decoder,0.010735551128163934
0,decoder,0.010690180119127035
0,decoder,0.010650599841028452
0,decoder,0.010622889967635274
0,decoder,0.010610749013721943
0,encoder,0.006264106137678027
0,decoder,0.004719326971098781
0,decoder,0.0037412650417536497
0,decoder,0.003759935963898897
0,decoder,0.0036850550677627325
0,decoder,0.003683954942971468
0,decoder,0.0037032149266451597
0,decoder,0.0036789749283343554
0,decoder,0.0036617638543248177
0,decoder,0.0036698849871754646
0,decoder,0.003678675042465329
0,decoder,0.003734095022082329
0,decoder,0.0037208348512649536
0,decoder,0.0037025660276412964
0,decoder,0.00368810398504138
0,decoder,0.003704595845192671
0,decoder,0.003701274050399661
0,decoder,0.0036668649408966303
0,decoder,0.00367677491158247
0,decoder,0.0036780049558728933
