0,encoder,0.008565257070586085
0,decoder,0.006477171089500189
0,decoder,0.005759282968938351
0,decoder,0.005616499809548259
0,decoder,0.005502009065821767
0,decoder,0.005469807889312506
0,decoder,0.005516159115359187
0,decoder,0.005572780035436153
0,decoder,0.005516448989510536
0,decoder,0.005492839962244034
0,decoder,0.005481677828356624
0,decoder,0.0054711380507797
0,decoder,0.005559499841183424
0,decoder,0.0055126401130110025
0,decoder,0.005465127993375063
0,decoder,0.0055391688365489244
0,decoder,0.005454708822071552
0,decoder,0.005525519140064716
0,decoder,0.005480338120833039
0,decoder,0.005472057964652777
0,decoder,0.005457028979435563
0,decoder,0.005501799052581191
0,decoder,0.005470828153192997
0,decoder,0.005495488876476884
0,decoder,0.005494610173627734
0,decoder,0.005467269103974104
0,decoder,0.005496618803590536
0,decoder,0.005511628929525614
0,decoder,0.005491928895935416
0,decoder,0.005528938956558704
0,encoder,0.00912180496379733
0,decoder,0.006897967075929046
0,decoder,0.006171616958454251
0,decoder,0.005858933087438345
0,decoder,0.005920683965086937
0,decoder,0.0058749031741172075
0,decoder,0.005773243028670549
0,decoder,0.005784532055258751
0,decoder,0.005793442018330097
0,decoder,0.005843163002282381
0,decoder,0.005799413193017244
0,decoder,0.005973435007035732
0,decoder,0.005906884092837572
0,decoder,0.008565746946260333
0,decoder,0.005837372969835997
0,decoder,0.005913204047828913
0,decoder,0.005810281960293651
0,decoder,0.0058978230226784945
0,decoder,0.005871693836525083
0,decoder,0.00586985400877893
0,decoder,0.00588354398496449
0,decoder,0.005813512951135635
0,decoder,0.0059928561095148325
0,decoder,0.005901983007788658
0,decoder,0.005933804204687476
0,decoder,0.005912963999435306
0,decoder,0.0059174851048737764
0,decoder,0.005928253987804055
0,decoder,0.0059198138769716024
0,decoder,0.005933314096182585
0,decoder,0.00593628385104239
0,encoder,0.009380397154018283
0,decoder,0.006634182995185256
0,decoder,0.0060460849199444056
0,decoder,0.005837233038619161
0,decoder,0.005735862068831921
0,decoder,0.0057254929561167955
0,decoder,0.005779672879725695
0,decoder,0.005720940884202719
0,decoder,0.005669090896844864
0,decoder,0.005719711072742939
0,decoder,0.005677442066371441
0,decoder,0.005690941121429205
0,decoder,0.005671150982379913
0,decoder,0.005650439998134971
0,decoder,0.005699442001059651
0,decoder,0.005653680069372058
0,decoder,0.005660360911861062
0,decoder,0.005666170967742801
0,decoder,0.00572926108725369
0,decoder,0.005678331013768911
0,decoder,0.005702660884708166
0,decoder,0.005647861864417791
0,decoder,0.005685360869392753
0,decoder,0.005658420966938138
0,decoder,0.005650890059769154
0,decoder,0.005639601033180952
0,decoder,0.005653400905430317
0,decoder,0.005786102963611484
0,decoder,0.005709831137210131
0,decoder,0.005670089973136783
0,decoder,0.005665241042152047
0,encoder,0.004491887055337429
0,decoder,0.006302988855168223
0,decoder,0.005711251869797707
0,decoder,0.005535088945180178
0,decoder,0.005444388138130307
0,decoder,0.005445659160614014
0,decoder,0.005424058064818382
0,decoder,0.005393736995756626
0,decoder,0.005456059006974101
0,decoder,0.005450497847050428
0,decoder,0.005450088065117598
0,decoder,0.005517418961971998
0,decoder,0.005416916916146874
0,decoder,0.005429957993328571
0,decoder,0.0054350378923118114
0,decoder,0.00542438798584044
0,decoder,0.005442518973723054
0,decoder,0.005500648869201541
0,decoder,0.00551053904928267
0,decoder,0.005462798988446593
0,decoder,0.005443878006190062
0,decoder,0.005409397883340716
0,decoder,0.005424526985734701
0,decoder,0.005437897983938456
0,decoder,0.0054554089438170195
0,decoder,0.005459787789732218
0,decoder,0.005458669038489461
0,decoder,0.005518879042938352
0,decoder,0.0055647490080446005
0,decoder,0.005455987993627787
0,decoder,0.005441667977720499
0,encoder,0.007448143092915416
0,decoder,0.006654063006862998
0,decoder,0.005978334927931428
0,decoder,0.0057684730272740126
0,decoder,0.00569176091812551
0,decoder,0.005725271068513393
0,decoder,0.005657790927216411
0,decoder,0.005770321935415268
0,decoder,0.005744321970269084
0,decoder,0.005666260840371251
0,decoder,0.005711651872843504
0,decoder,0.005700852023437619
0,decoder,0.005698831053450704
0,decoder,0.00567450188100338
0,decoder,0.005743051879107952
0,decoder,0.005661820061504841
0,decoder,0.005686551099643111
0,decoder,0.0056893411092460155
0,decoder,0.0057037509977817535
0,decoder,0.005649809958413243
0,decoder,0.005645900033414364
0,decoder,0.005643300944939256
0,decoder,0.005733781959861517
0,decoder,0.0057659021113067865
0,decoder,0.005769641837105155
0,decoder,0.0056741610169410706
0,decoder,0.005725223105400801
0,decoder,0.005715231876820326
0,decoder,0.005746292183175683
0,decoder,0.0057100108824670315
0,decoder,0.0057637321297079325
0,decoder,0.00577775202691555
0,encoder,0.00618234695866704
0,decoder,0.0073232820723205805
0,decoder,0.005934393964707851
0,decoder,0.005665980977937579
0,decoder,0.005591250024735928
0,decoder,0.005669491132721305
0,decoder,0.005639029899612069
0,decoder,0.005734752165153623
0,decoder,0.00557993003167212
0,decoder,0.005629671039059758
0,decoder,0.005575668998062611
0,decoder,0.005548259010538459
0,decoder,0.005574439885094762
0,decoder,0.0056052899453789
0,decoder,0.005589329870417714
0,decoder,0.005548939108848572
0,decoder,0.005591300083324313
0,decoder,0.0056028899271041155
0,decoder,0.005596440052613616
0,decoder,0.0056344810873270035
0,decoder,0.005602919962257147
0,decoder,0.0056235098745673895
0,decoder,0.005610000807791948
0,decoder,0.005576358875259757
0,decoder,0.005628340179100633
0,decoder,0.005559809971600771
0,decoder,0.005591830005869269
0,decoder,0.0055638200137764215
0,decoder,0.005565260071307421
0,decoder,0.005567600019276142
0,decoder,0.005573639879003167
0,decoder,0.005580789875239134
0,encoder,0.008919501909986138
0,decoder,0.006418080069124699
0,decoder,0.005899903830140829
0,decoder,0.00565434992313385
0,decoder,0.005730642005801201
0,decoder,0.005701501853764057
0,decoder,0.005665130913257599
0,decoder,0.005728580988943577
0,decoder,0.005730731878429651
0,decoder,0.005729231052100658
0,decoder,0.005686481017619371
0,decoder,0.005691020982339978
0,decoder,0.005725261056795716
0,decoder,0.0057237111032009125
0,decoder,0.0057146609760820866
0,decoder,0.005671510938555002
0,decoder,0.005649700062349439
0,decoder,0.005669801030308008
0,decoder,0.005670650862157345
0,decoder,0.005617500049993396
0,decoder,0.005682020913809538
0,decoder,0.005573260132223368
0,decoder,0.005553669994696975
0,decoder,0.005596179980784655
0,decoder,0.005571180023252964
0,decoder,0.0055702198296785355
0,decoder,0.005572038935497403
0,decoder,0.005564399994909763
0,decoder,0.005573049886152148
0,decoder,0.005571059882640839
0,decoder,0.005558769917115569
0,decoder,0.005697981221601367
0,encoder,0.008596437983214855
0,decoder,0.00631636893376708
0,decoder,0.005659920163452625
0,decoder,0.005467877956107259
0,decoder,0.005457507912069559
0,decoder,0.005474798148497939
0,decoder,0.005504749016836286
0,decoder,0.0055211391299963
0,decoder,0.005533310119062662
0,decoder,0.005483258981257677
0,decoder,0.005462857894599438
0,decoder,0.005505738081410527
0,decoder,0.0054594778921455145
0,decoder,0.0059655639342963696
0,decoder,0.00695711700245738
0,decoder,0.0062808089423924685
0,decoder,0.005731141194701195
0,decoder,0.005849194014444947
0,decoder,0.005775553174316883
0,decoder,0.0057516018860042095
0,decoder,0.005535378819331527
0,decoder,0.006949055939912796
0,decoder,0.005474867997691035
0,decoder,0.005491668125614524
0,decoder,0.0054750279523432255
0,decoder,0.005498168990015984
0,decoder,0.005456218030303717
0,decoder,0.005468647927045822
0,decoder,0.005428257863968611
0,decoder,0.005457669030874968
0,encoder,0.005741331959143281
0,decoder,0.006964066997170448
0,decoder,0.006143216975033283
0,decoder,0.005870673106983304
0,decoder,0.006052376003935933
0,decoder,0.005825422937050462
0,decoder,0.005945473909378052
0,decoder,0.0058194228913635015
0,decoder,0.005831003189086914
0,decoder,0.005948964972048998
0,decoder,0.0059185640420764685
0,decoder,0.0059858448803424835
0,decoder,0.005876862909644842
0,decoder,0.005917473929002881
0,decoder,0.005917424103245139
0,decoder,0.005927474936470389
0,decoder,0.005883702775463462
0,decoder,0.005886052967980504
0,decoder,0.006048034876585007
0,decoder,0.005830812966451049
0,decoder,0.005836632801219821
0,decoder,0.0058006830513477325
0,decoder,0.005872434005141258
0,decoder,0.00584183307364583
0,decoder,0.005884703015908599
0,decoder,0.00591030390933156
0,decoder,0.0058836538810282946
0,decoder,0.0058686030097305775
0,decoder,0.005864082835614681
0,decoder,0.005914913024753332
0,decoder,0.005916013848036528
0,encoder,0.005732732126489282
0,decoder,0.007332291919738054
0,decoder,0.0063008880242705345
0,decoder,0.005852083209902048
0,decoder,0.005857243202626705
0,decoder,0.005819563055410981
0,decoder,0.005838592071086168
0,decoder,0.005842912942171097
0,decoder,0.005823173094540834
0,decoder,0.005793971940875053
0,decoder,0.005843493156135082
0,decoder,0.005825232015922666
0,decoder,0.005832552909851074
0,decoder,0.005847313906997442
0,decoder,0.005826082080602646
0,decoder,0.005834092851728201
0,decoder,0.005835892865434289
0,decoder,0.005839322926476598
0,decoder,0.005952635081484914
0,decoder,0.005864372942596674
0,decoder,0.005825553089380264
0,decoder,0.005832943134009838
0,decoder,0.005812101997435093
0,decoder,0.0058385529555380344
0,decoder,0.005867943167686462
0,decoder,0.005862712860107422
0,decoder,0.0058297531213611364
0,decoder,0.005916513968259096
0,decoder,0.0058709930162876844
0,decoder,0.005828881869092584
0,decoder,0.00581108289770782
0,encoder,0.005637109978124499
0,decoder,0.006909657036885619
0,decoder,0.006067155860364437
0,decoder,0.005844292929396033
0,decoder,0.005855214083567262
0,decoder,0.005834363168105483
0,decoder,0.005828663008287549
0,decoder,0.005787601927295327
0,decoder,0.0058219830971211195
0,decoder,0.005802653031423688
0,decoder,0.005861812038347125
0,decoder,0.00588869396597147
0,decoder,0.00582846300676465
0,decoder,0.00581424287520349
0,decoder,0.005840711994096637
0,decoder,0.005818953039124608
0,decoder,0.0057914420031011105
0,decoder,0.0058192419819533825
0,decoder,0.00592889403924346
0,decoder,0.005905094090849161
0,decoder,0.005895463051274419
0,decoder,0.005793143063783646
0,decoder,0.005829093046486378
0,decoder,0.0057381619699299335
0,decoder,0.005938473856076598
0,decoder,0.005820181919261813
0,decoder,0.005898033967241645
0,decoder,0.005857791984453797
0,decoder,0.005854303948581219
0,decoder,0.005906173028051853
0,decoder,0.005973733961582184
0,encoder,0.007952789077535272
0,decoder,0.0066218129359185696
0,decoder,0.00593997398391366
0,decoder,0.005774442106485367
0,decoder,0.005703120958060026
0,decoder,0.005685810931026936
0,decoder,0.005648460937663913
0,decoder,0.005802102852612734
0,decoder,0.005662571173161268
0,decoder,0.005677541019394994
0,decoder,0.00567045109346509
0,decoder,0.005639120005071163
0,decoder,0.005668991012498736
0,decoder,0.0056895308662205935
0,decoder,0.005683511029928923
0,decoder,0.00565165001899004
0,decoder,0.005668981000781059
0,decoder,0.005652769934386015
0,decoder,0.0056476600002497435
0,decoder,0.005742811830714345
0,decoder,0.005665220087394118
0,decoder,0.005651301005855203
0,decoder,0.0056653309147804976
0,decoder,0.005713260965421796
0,decoder,0.005703121889382601
0,decoder,0.005736011080443859
0,decoder,0.005697721149772406
0,decoder,0.005651840008795261
0,decoder,0.005684911040589213
0,decoder,0.0056952310260385275
0,decoder,0.005677059991285205
0,decoder,0.0056973109021782875
0,encoder,0.009464107919484377
0,decoder,0.0065577710047364235
0,decoder,0.0059094540774822235
0,decoder,0.005702401045709848
0,decoder,0.005604049889370799
0,decoder,0.00560290995053947
0,decoder,0.005636261077597737
0,decoder,0.005570189096033573
0,decoder,0.005559419980272651
0,decoder,0.005591279128566384
0,decoder,0.005590879824012518
0,decoder,0.005592559929937124
0,decoder,0.005599519936367869
0,decoder,0.005575899034738541
0,decoder,0.005577129079028964
0,decoder,0.0055678291246294975
0,decoder,0.005739531945437193
0,decoder,0.005593698937445879
0,decoder,0.0055795900989323854
0,decoder,0.00564326997846365
0,decoder,0.005629790015518665
0,decoder,0.0055810390040278435
0,decoder,0.005635190987959504
0,decoder,0.005664069904014468
0,decoder,0.005587049992755055
0,decoder,0.005592189962044358
0,decoder,0.005619511008262634
0,decoder,0.005592130124568939
0,decoder,0.005651350133121014
0,decoder,0.005586809944361448
0,decoder,0.005601119948551059
0,decoder,0.0055898698046803474
0,encoder,0.00885555986315012
0,decoder,0.006545222131535411
0,decoder,0.005882941884920001
0,decoder,0.005765900947153568
0,decoder,0.005668441066518426
0,decoder,0.005646680016070604
0,decoder,0.005675439955666661
0,decoder,0.005709161050617695
0,decoder,0.005661059869453311
0,decoder,0.005655860994011164
0,decoder,0.005713590886443853
0,decoder,0.005669960984960198
0,decoder,0.005636909976601601
0,decoder,0.0056595709174871445
0,decoder,0.005653689848259091
0,decoder,0.005628790007904172
0,decoder,0.005638191010802984
0,decoder,0.0056494008749723434
0,decoder,0.005737231113016605
0,decoder,0.00559514993801713
0,decoder,0.005616849986836314
0,decoder,0.005597899900749326
0,decoder,0.005642369855195284
0,decoder,0.005609080195426941
0,decoder,0.0056777410209178925
0,decoder,0.005703690927475691
0,decoder,0.005640419898554683
0,decoder,0.005623499862849712
0,decoder,0.005640591029077768
0,decoder,0.0056092399172484875
0,decoder,0.005592669826000929
0,decoder,0.005674669984728098
0,encoder,0.008652947144582868
0,decoder,0.009525368921458721
0,decoder,0.005923103075474501
0,decoder,0.005663261050358415
0,decoder,0.005534998839721084
0,decoder,0.00555689912289381
0,decoder,0.005534629104658961
0,decoder,0.009432008024305105
0,decoder,0.009380307048559189
0,decoder,0.009437827859073877
0,decoder,0.006133696064352989
0,decoder,0.005659830057993531
0,decoder,0.005553408991545439
0,decoder,0.005586919840425253
0,decoder,0.005606829887256026
0,decoder,0.005538629135116935
0,decoder,0.005541808903217316
0,decoder,0.00556140998378396
0,decoder,0.005501298001036048
0,decoder,0.005566109903156757
0,decoder,0.005528009030967951
0,decoder,0.0056098701898008585
0,decoder,0.00563804991543293
0,decoder,0.005657439818605781
0,decoder,0.005684130825102329
0,decoder,0.005612079985439777
0,decoder,0.005553229013457894
0,decoder,0.005628939950838685
0,decoder,0.00558603904210031
0,decoder,0.005615150090306997
0,encoder,0.008752068970352411
0,decoder,0.006611232878640294
0,decoder,0.005953944055363536
0,decoder,0.005822822917252779
0,decoder,0.005734250880777836
0,decoder,0.005779392085969448
0,decoder,0.005786071997135878
0,decoder,0.005735740996897221
0,decoder,0.005737092113122344
0,decoder,0.005692090140655637
0,decoder,0.005701101152226329
0,decoder,0.005723451031371951
0,decoder,0.005660451017320156
0,decoder,0.005668289959430695
0,decoder,0.00575598212890327
0,decoder,0.005713941063731909
0,decoder,0.005668601021170616
0,decoder,0.0056972019374370575
0,decoder,0.005752930883318186
0,decoder,0.005666190991178155
0,decoder,0.005664820084348321
0,decoder,0.006745053920894861
0,decoder,0.005825903033837676
0,decoder,0.006485441001132131
0,decoder,0.00576438196003437
0,decoder,0.005732401041314006
0,decoder,0.005691881058737636
0,decoder,0.005693190963938832
0,decoder,0.005730281118303537
0,decoder,0.005714321043342352
0,decoder,0.005718151107430458
0,encoder,0.00823831302113831
0,decoder,0.006613363046199083
0,decoder,0.006001145113259554
0,decoder,0.005821581929922104
0,decoder,0.005735902115702629
0,decoder,0.005657020024955273
0,decoder,0.0057759410701692104
0,decoder,0.005683850962668657
0,decoder,0.005746391136199236
0,decoder,0.005724940914660692
0,decoder,0.005716631887480617
0,decoder,0.005723990965634584
0,decoder,0.005673441104590893
0,decoder,0.005708120996132493
0,decoder,0.005678721005097032
0,decoder,0.005832742899656296
0,decoder,0.0057936618104577065
0,decoder,0.005753470817580819
0,decoder,0.005845122970640659
0,decoder,0.0057420008815824986
0,decoder,0.005684341071173549
0,decoder,0.005690721096470952
0,decoder,0.005697489948943257
0,decoder,0.005684361094608903
0,decoder,0.005693641025573015
0,decoder,0.005709161050617695
0,decoder,0.005652759922668338
0,decoder,0.005676900967955589
0,decoder,0.005736230872571468
0,decoder,0.0057752111461013556
0,decoder,0.005729100899770856
0,encoder,0.008485506055876613
0,decoder,0.006613292032852769
0,decoder,0.005935573950409889
0,decoder,0.005704010836780071
0,decoder,0.005677070934325457
0,decoder,0.005653669824823737
0,decoder,0.005645619938150048
0,decoder,0.005715491948649287
0,decoder,0.005644639953970909
0,decoder,0.005657740170136094
0,decoder,0.005672791041433811
0,decoder,0.005664519965648651
0,decoder,0.005640190094709396
0,decoder,0.005664079915732145
0,decoder,0.00568414106965065
0,decoder,0.00565180997364223
0,decoder,0.005670639919117093
0,decoder,0.005650670034810901
0,decoder,0.00571901211515069
0,decoder,0.005719830049201846
0,decoder,0.005628929939121008
0,decoder,0.0056631299667060375
0,decoder,0.005669170059263706
0,decoder,0.0056772311218082905
0,decoder,0.005738961976021528
0,decoder,0.005665869917720556
0,decoder,0.005692971171811223
0,decoder,0.005680250935256481
0,decoder,0.005751142045482993
0,decoder,0.005738370819017291
0,decoder,0.005778952036052942
0,encoder,0.008917330065742135
0,decoder,0.006730492925271392
0,decoder,0.006002824986353517
0,decoder,0.005812902003526688
0,decoder,0.0057437908835709095
0,decoder,0.005767632042989135
0,decoder,0.005715860985219479
0,decoder,0.005709061166271567
0,decoder,0.0057142809964716434
0,decoder,0.005804022075608373
0,decoder,0.0057177310809493065
0,decoder,0.00570264202542603
0,decoder,0.005784861044958234
0,decoder,0.005784132052212954
0,decoder,0.005732571007683873
0,decoder,0.005711441859602928
0,decoder,0.0057063421700149775
0,decoder,0.005693711107596755
0,decoder,0.005688240984454751
0,decoder,0.0057111207861453295
0,decoder,0.005726121133193374
0,decoder,0.005695720901712775
0,decoder,0.005716651910915971
0,decoder,0.005702670896425843
0,decoder,0.005781211890280247
0,decoder,0.005713851191103458
0,decoder,0.005739900982007384
0,decoder,0.005746061913669109
0,decoder,0.005743192043155432
0,decoder,0.005714640952646732
0,decoder,0.0057309509720653296
0,decoder,0.00573311117477715
0,encoder,0.007996620144695044
0,decoder,0.006533520063385367
0,decoder,0.005894202971830964
0,decoder,0.00936543708667159
0,decoder,0.005531767848879099
0,decoder,0.005611889995634556
0,decoder,0.005632190033793449
0,decoder,0.005558708915486932
0,decoder,0.00561643997207284
0,decoder,0.005638109985738993
0,decoder,0.005594049114733934
0,decoder,0.005587279098108411
0,decoder,0.005763292079791427
0,decoder,0.005666390061378479
0,decoder,0.005635509034618735
0,decoder,0.005668350961059332
0,decoder,0.005664599826559424
0,decoder,0.005583730060607195
0,decoder,0.005635129055008292
0,decoder,0.005616310052573681
0,decoder,0.005602789809927344
0,decoder,0.005563439102843404
0,decoder,0.0056119998916983604
0,decoder,0.005590339889749885
0,decoder,0.0056129200384020805
0,decoder,0.005667699966579676
0,decoder,0.005625709891319275
0,decoder,0.005601628916338086
0,decoder,0.005622960161417723
0,decoder,0.0056350689847022295
0,decoder,0.005601458949968219
0,decoder,0.005601779092103243
0,encoder,0.007459102896973491
0,decoder,0.006499310024082661
0,decoder,0.0061758270021528006
0,decoder,0.005708520067855716
0,decoder,0.005624731071293354
0,decoder,0.00561022013425827
0,decoder,0.005587128922343254
0,decoder,0.005600420059636235
0,decoder,0.005621399963274598
0,decoder,0.0055818099062889814
0,decoder,0.005655389977619052
0,decoder,0.005609619896858931
0,decoder,0.005617318907752633
0,decoder,0.005605919985100627
0,decoder,0.005569439148530364
0,decoder,0.005555348936468363
0,decoder,0.005565389059484005
0,decoder,0.0055766000878065825
0,decoder,0.005574009148404002
0,decoder,0.005566200008615851
0,decoder,0.005565969040617347
0,decoder,0.005558740114793181
0,decoder,0.00560306990519166
0,decoder,0.005599369062110782
0,decoder,0.0056623900309205055
0,decoder,0.006496130954474211
0,decoder,0.005570848938077688
0,decoder,0.005619410891085863
0,decoder,0.005653950152918696
0,decoder,0.005664571188390255
0,decoder,0.005633158842101693
0,decoder,0.005570248933508992
0,encoder,0.00851103593595326
0,decoder,0.006319907959550619
0,decoder,0.005695639876648784
0,decoder,0.00559125910513103
0,decoder,0.005443687085062265
0,decoder,0.0054245570208877325
0,decoder,0.005446898052468896
0,decoder,0.005446278024464846
0,decoder,0.005478097125887871
0,decoder,0.005465047899633646
0,decoder,0.00546144787222147
0,decoder,0.005446478025987744
0,decoder,0.005454907892271876
0,decoder,0.005443207919597626
0,decoder,0.005409796955063939
0,decoder,0.005405965959653258
0,decoder,0.005495597841218114
0,decoder,0.0054300769697874784
0,decoder,0.005425167037174106
0,decoder,0.005501637933775783
0,decoder,0.005479188170284033
0,decoder,0.00545497820712626
0,decoder,0.005442167166620493
0,decoder,0.005447737872600555
0,decoder,0.005395137006416917
0,decoder,0.005537839140743017
0,decoder,0.0055336488876491785
0,decoder,0.005456537939608097
0,decoder,0.005388036835938692
0,decoder,0.005511848023161292
0,encoder,0.00808085990138352
0,decoder,0.0066042819526046515
0,decoder,0.00635910895653069
0,decoder,0.006110705900937319
0,decoder,0.005744860973209143
0,decoder,0.005705330986529589
0,decoder,0.0057471320033073425
0,decoder,0.005773602053523064
0,decoder,0.005737651139497757
0,decoder,0.00804651016369462
0,decoder,0.006700663128867745
0,decoder,0.006118806079030037
0,decoder,0.006186367012560368
0,decoder,0.005763521185144782
0,decoder,0.005833911942318082
0,decoder,0.005788561888039112
0,decoder,0.005807392066344619
0,decoder,0.00571504095569253
0,decoder,0.005771131021901965
0,decoder,0.005845401901751757
0,decoder,0.005761831998825073
0,decoder,0.005777911050245166
0,decoder,0.005785251967608929
0,decoder,0.005779501982033253
0,decoder,0.005777622107416391
0,decoder,0.005754332058131695
0,decoder,0.00574993179179728
0,decoder,0.005738310981541872
0,decoder,0.00576845183968544
0,decoder,0.005773151991888881
0,decoder,0.0057685221545398235
0,encoder,0.007899318123236299
0,decoder,0.006555851083248854
0,decoder,0.005854722112417221
0,decoder,0.005702801048755646
0,decoder,0.005716091021895409
0,decoder,0.005662020994350314
0,decoder,0.005659740883857012
0,decoder,0.005714621162042022
0,decoder,0.005707660922780633
0,decoder,0.005677670938894153
0,decoder,0.005853332811966538
0,decoder,0.005761811044067144
0,decoder,0.005686819786205888
0,decoder,0.005651170155033469
0,decoder,0.0057726409286260605
0,decoder,0.005702280905097723
0,decoder,0.00568655994720757
0,decoder,0.005692499922588468
0,decoder,0.005815722048282623
0,decoder,0.005707701202481985
0,decoder,0.005715110106393695
0,decoder,0.005752252181991935
0,decoder,0.005712819984182715
0,decoder,0.005737632047384977
0,decoder,0.005768601084128022
0,decoder,0.005713030928745866
0,decoder,0.005659549962729216
0,decoder,0.005704221082851291
0,decoder,0.00569144100882113
0,decoder,0.005684510106220841
0,decoder,0.0056989609729498625
0,encoder,0.008391143986955285
0,decoder,0.00667458213865757
0,decoder,0.005914752837270498
0,decoder,0.005671770079061389
0,decoder,0.00560691999271512
0,decoder,0.005665780045092106
0,decoder,0.005669039906933904
0,decoder,0.005727861076593399
0,decoder,0.005648049991577864
0,decoder,0.005638769129291177
0,decoder,0.005669469945132732
0,decoder,0.005690920865163207
0,decoder,0.005647199926897883
0,decoder,0.005719470791518688
0,decoder,0.005711331032216549
0,decoder,0.005646840902045369
0,decoder,0.005666970973834395
0,decoder,0.005691340193152428
0,decoder,0.005761692067608237
0,decoder,0.005723692011088133
0,decoder,0.007641925010830164
0,decoder,0.005643639946356416
0,decoder,0.005652799969539046
0,decoder,0.005676160100847483
0,decoder,0.005694130901247263
0,decoder,0.005672709783539176
0,decoder,0.0056609108578413725
0,decoder,0.005681779934093356
0,decoder,0.005737351020798087
0,decoder,0.005708741024136543
0,decoder,0.005685250973328948
0,encoder,0.009102453012019396
0,decoder,0.006660951999947429
0,decoder,0.005889923078939319
0,decoder,0.005730660865083337
0,decoder,0.0057027810253202915
0,decoder,0.005876654060557485
0,decoder,0.0056769708171486855
0,decoder,0.00569329084828496
0,decoder,0.0057486610021442175
0,decoder,0.0057092211209237576
0,decoder,0.005741442088037729
0,decoder,0.005800321931019425
0,decoder,0.005761831067502499
0,decoder,0.005735310958698392
0,decoder,0.005747201154008508
0,decoder,0.006030355114489794
0,decoder,0.007324679987505078
0,decoder,0.005724172107875347
0,decoder,0.0057565520983189344
0,decoder,0.005754810990765691
0,decoder,0.005743551068007946
0,decoder,0.00577752199023962
0,decoder,0.005773571785539389
0,decoder,0.005825251806527376
0,decoder,0.005741112167015672
0,decoder,0.005764851113781333
0,decoder,0.005745640955865383
0,decoder,0.005784102017059922
0,decoder,0.005775552010163665
0,decoder,0.005709649994969368
0,decoder,0.005743052111938596
0,decoder,0.005747251911088824
0,encoder,0.008628916926681995
0,decoder,0.006566392024978995
0,decoder,0.0058643820229917765
0,decoder,0.005618068855255842
0,decoder,0.005567529005929828
0,decoder,0.005597389070317149
0,decoder,0.005601678974926472
0,decoder,0.005601228913292289
0,decoder,0.005590948974713683
0,decoder,0.005654390202835202
0,decoder,0.005615148926153779
0,decoder,0.0056052489671856165
0,decoder,0.005639140028506517
0,decoder,0.005686160875484347
0,decoder,0.005617049057036638
0,decoder,0.005658559966832399
0,decoder,0.005637579131871462
0,decoder,0.005635649897158146
0,decoder,0.005629949038848281
0,decoder,0.0056338191498070955
0,decoder,0.005639330018311739
0,decoder,0.00563307898119092
0,decoder,0.005587359191849828
0,decoder,0.005602688994258642
0,decoder,0.005607920000329614
0,decoder,0.005630228901281953
0,decoder,0.005623538978397846
0,decoder,0.005655491026118398
0,decoder,0.005642850184813142
0,decoder,0.005613330053165555
0,decoder,0.005650860024616122
0,decoder,0.005649759899824858
0,encoder,0.0078527070581913
0,decoder,0.006543671013787389
0,decoder,0.005824001971632242
0,decoder,0.005658689886331558
0,decoder,0.0056608610320836306
0,decoder,0.0056424199137836695
0,decoder,0.005645929137244821
0,decoder,0.0056150800082832575
0,decoder,0.005670849932357669
0,decoder,0.00561162899248302
0,decoder,0.005653759930282831
0,decoder,0.005611139815300703
0,decoder,0.0056351590901613235
0,decoder,0.00561201898381114
0,decoder,0.0056252991780638695
0,decoder,0.005645720055326819
0,decoder,0.005630929954349995
0,decoder,0.005585978040471673
0,decoder,0.005583598976954818
0,decoder,0.005588569911196828
0,decoder,0.005646280013024807
0,decoder,0.0055935189593583345
0,decoder,0.005603959085419774
0,decoder,0.005631038919091225
0,decoder,0.005609320010989904
0,decoder,0.0056314601097255945
0,decoder,0.005590288899838924
0,decoder,0.005606988910585642
0,decoder,0.005574158160015941
0,decoder,0.005599389085546136
0,decoder,0.005589248845353723
0,decoder,0.005680341040715575
0,encoder,0.012966790935024619
0,decoder,0.012465953826904297
0,decoder,0.011214578989893198
0,decoder,0.01074971305206418
0,decoder,0.010686181951314211
0,decoder,0.01059864112176001
0,decoder,0.010626411065459251
0,decoder,0.010626561008393764
0,decoder,0.010590600781142712
0,decoder,0.010593611048534513
0,decoder,0.010569831123575568
0,decoder,0.010559621034190059
0,decoder,0.010449270019307733
0,decoder,0.010569531004875898
0,decoder,0.010579030960798264
0,decoder,0.010549169965088367
0,decoder,0.010566410841420293
0,decoder,0.010576689848676324
0,decoder,0.010548531077802181
0,decoder,0.010563550982624292
0,decoder,0.010527339996770024
0,decoder,0.010529779829084873
0,decoder,0.010541439987719059
0,decoder,0.010613871039822698
0,decoder,0.010515719885006547
0,decoder,0.010508910054340959
0,decoder,0.010577401146292686
0,decoder,0.010589731158688664
0,decoder,0.010568450903519988
0,decoder,0.010567161021754146
0,encoder,0.012511305045336485
0,decoder,0.01286898902617395
0,decoder,0.011492420919239521
0,decoder,0.011086027137935162
0,decoder,0.011128807906061411
0,decoder,0.011071526911109686
0,decoder,0.011029997142031789
0,decoder,0.01107484707608819
0,decoder,0.01106833596713841
0,decoder,0.011035436997190118
0,decoder,0.011110107880085707
0,decoder,0.011013387003913522
0,decoder,0.011071437038481236
0,decoder,0.011067206971347332
0,decoder,0.011092687025666237
0,decoder,0.011091397842392325
0,decoder,0.01107822684571147
0,decoder,0.01110636699013412
0,decoder,0.011146417120471597
0,decoder,0.011009525042027235
0,decoder,0.011120828101411462
0,decoder,0.011138868052512407
0,decoder,0.011122277937829494
0,decoder,0.011171958176419139
0,decoder,0.011078116949647665
0,decoder,0.011080416850745678
0,decoder,0.011170526966452599
0,decoder,0.011104156961664557
0,decoder,0.011063107056543231
0,decoder,0.01118550798855722
0,decoder,0.011114557972177863
0,encoder,0.011900837067514658
0,decoder,0.013016810873523355
0,decoder,0.011558983009308577
0,decoder,0.011237079044803977
0,decoder,0.011223278008401394
0,decoder,0.011267409892752767
0,decoder,0.011204408947378397
0,decoder,0.011166207026690245
0,decoder,0.011182067915797234
0,decoder,0.011254498967900872
0,decoder,0.011202028021216393
0,decoder,0.011167407035827637
0,decoder,0.011187369003891945
0,decoder,0.011217688908800483
0,decoder,0.011221367865800858
0,decoder,0.011215758044272661
0,decoder,0.011267089983448386
0,decoder,0.011241908883675933
0,decoder,0.011171936988830566
0,decoder,0.011168166995048523
0,decoder,0.011164719006046653
0,decoder,0.011144367046654224
0,decoder,0.011154208099469543
0,decoder,0.011217538034543395
0,decoder,0.011106177931651473
0,decoder,0.01103636622428894
0,decoder,0.013357395073398948
0,decoder,0.011125157121568918
0,decoder,0.011187538970261812
0,decoder,0.013403896009549499
0,decoder,0.011182938003912568
0,encoder,0.01178557495586574
0,decoder,0.013064230792224407
0,decoder,0.011541672050952911
0,decoder,0.011244128923863173
0,decoder,0.011240437859669328
0,decoder,0.01121254893951118
0,decoder,0.01123507902957499
0,decoder,0.011159756919369102
0,decoder,0.01121691893786192
0,decoder,0.011179117951542139
0,decoder,0.011136156972497702
0,decoder,0.011115446919575334
0,decoder,0.011153597151860595
0,decoder,0.011217828141525388
0,decoder,0.011231899028643966
0,decoder,0.011190887074917555
0,decoder,0.01118566794320941
0,decoder,0.011217878200113773
0,decoder,0.011190578108653426
0,decoder,0.011226458940654993
0,decoder,0.011227437993511558
0,decoder,0.011162197915837169
0,decoder,0.011848757043480873
0,decoder,0.01240226300433278
0,decoder,0.01273730699904263
0,decoder,0.01130084996111691
0,decoder,0.011171997059136629
0,decoder,0.011166567914187908
0,decoder,0.011110086925327778
0,decoder,0.011101855896413326
0,decoder,0.011142118135467172
0,encoder,0.013109701918438077
0,decoder,0.013131292071193457
0,decoder,0.011576833901926875
0,decoder,0.011241297936066985
0,decoder,0.011219829088076949
0,decoder,0.011234858073294163
0,decoder,0.011344820028170943
0,decoder,0.011286298977211118
0,decoder,0.01132459007203579
0,decoder,0.011303989915177226
0,decoder,0.01122367917560041
0,decoder,0.011443621013313532
0,decoder,0.011341109871864319
0,decoder,0.011227309005334973
0,decoder,0.011226228903979063
0,decoder,0.011252298951148987
0,decoder,0.011267169145867229
0,decoder,0.011235108133405447
0,decoder,0.011303870007395744
0,decoder,0.011281227925792336
0,decoder,0.011391681153327227
0,decoder,0.011286539025604725
0,decoder,0.011274740099906921
0,decoder,0.011389899998903275
0,decoder,0.011310949921607971
0,decoder,0.011422181036323309
0,decoder,0.01135660009458661
0,decoder,0.011415421031415462
0,decoder,0.011423500953242183
0,decoder,0.011350129963830113
0,decoder,0.011310300091281533
0,decoder,0.011366600170731544
0,encoder,0.015393958892673254
0,decoder,0.013218013104051352
0,decoder,0.011111746076494455
0,decoder,0.010766182094812393
0,decoder,0.010717232013121247
0,decoder,0.010702312225475907
0,decoder,0.010699581122025847
0,decoder,0.010818603914231062
0,decoder,0.010799262905493379
0,decoder,0.010801062919199467
0,decoder,0.010684962151572108
0,decoder,0.010741821955889463
0,decoder,0.010821742936968803
0,decoder,0.010777021991088986
0,decoder,0.010872903978452086
0,decoder,0.010985346045345068
0,decoder,0.010898754000663757
0,decoder,0.010828312952071428
0,decoder,0.010828274069353938
0,decoder,0.010794032830744982
0,decoder,0.010796203976497054
0,decoder,0.010791912907734513
0,decoder,0.010748842032626271
0,decoder,0.010737223085016012
0,decoder,0.010862273862585425
0,decoder,0.01080245291814208
0,decoder,0.010757143143564463
0,decoder,0.010753353126347065
0,decoder,0.010804064106196165
0,decoder,0.010791261913254857
0,decoder,0.010809242958202958
0,decoder,0.010781113058328629
0,encoder,0.013079602038487792
0,decoder,0.012464162893593311
0,decoder,0.01134458021260798
0,decoder,0.011006835848093033
0,decoder,0.010756261879578233
0,decoder,0.010849112877622247
0,decoder,0.01078954292461276
0,decoder,0.01076330291107297
0,decoder,0.010739361867308617
0,decoder,0.01085431408137083
0,decoder,0.010792443063110113
0,decoder,0.010780743090435863
0,decoder,0.010784612968564034
0,decoder,0.010767552070319653
0,decoder,0.010826613055542111
0,decoder,0.010805792873725295
0,decoder,0.010750672779977322
0,decoder,0.010847422992810607
0,decoder,0.010821073083207011
0,decoder,0.010889584897086024
0,decoder,0.010787253035232425
0,decoder,0.010770231951028109
0,decoder,0.0107853130903095
0,decoder,0.010748981963843107
0,decoder,0.01087392307817936
0,decoder,0.010762882884591818
0,decoder,0.010773783084005117
0,decoder,0.010927523951977491
0,decoder,0.010732662165537477
0,decoder,0.010783864185214043
0,decoder,0.010803983081132174
0,decoder,0.010809402912855148
0,encoder,0.011315549025312066
0,decoder,0.012207699939608574
0,decoder,0.011032806010916829
0,decoder,0.010485918959602714
0,decoder,0.010353567078709602
0,decoder,0.010454858886078
0,decoder,0.010379418032243848
0,decoder,0.010420188074931502
0,decoder,0.010391877964138985
0,decoder,0.010368498042225838
0,decoder,0.01039775786921382
0,decoder,0.010367397917434573
0,decoder,0.01040545804426074
0,decoder,0.010416748002171516
0,decoder,0.010493579087778926
0,decoder,0.01052954001352191
0,decoder,0.01050014910288155
0,decoder,0.010514209046959877
0,decoder,0.01041619898751378
0,decoder,0.010483718942850828
0,decoder,0.010547810001298785
0,decoder,0.010503018973395228
0,decoder,0.010506128892302513
0,decoder,0.0105334990657866
0,decoder,0.01052876003086567
0,decoder,0.010557129979133606
0,decoder,0.010501939104869962
0,decoder,0.010583919938653708
0,decoder,0.010467868996784091
0,decoder,0.010534240864217281
0,encoder,0.012468134053051472
0,decoder,0.012601955095306039
0,decoder,0.01141742104664445
0,decoder,0.011022086022421718
0,decoder,0.011162247974425554
0,decoder,0.010891093872487545
0,decoder,0.01085415412671864
0,decoder,0.010991845047101378
0,decoder,0.010948333889245987
0,decoder,0.01092452509328723
0,decoder,0.010937714949250221
0,decoder,0.010952034965157509
0,decoder,0.011101567186415195
0,decoder,0.010966014815494418
0,decoder,0.01095213508233428
0,decoder,0.010900083929300308
0,decoder,0.010928065050393343
0,decoder,0.010924323927611113
0,decoder,0.01097957487218082
0,decoder,0.01097465492784977
0,decoder,0.010983144864439964
0,decoder,0.010948964860290289
0,decoder,0.01099512493237853
0,decoder,0.010970434872433543
0,decoder,0.010907544055953622
0,decoder,0.010944435140118003
0,decoder,0.010993734933435917
0,decoder,0.010986085049808025
0,decoder,0.010864862939342856
0,decoder,0.010914004174992442
0,decoder,0.010985234985128045
0,encoder,0.013781629968434572
0,decoder,0.012622945010662079
0,decoder,0.01137219020165503
0,decoder,0.011051065986976027
0,decoder,0.011066036066040397
0,decoder,0.010955824051052332
0,decoder,0.01092726388014853
0,decoder,0.01090403413400054
0,decoder,0.01089603384025395
0,decoder,0.010924814036116004
0,decoder,0.010916534112766385
0,decoder,0.010919613996520638
0,decoder,0.010903854155912995
0,decoder,0.010933662997558713
0,decoder,0.01087944395840168
0,decoder,0.010984404943883419
0,decoder,0.010922815185040236
0,decoder,0.011000896105542779
0,decoder,0.010904024122282863
0,decoder,0.01098195486702025
0,decoder,0.011026215041056275
0,decoder,0.010934813879430294
0,decoder,0.010961085092276335
0,decoder,0.010919485008344054
0,decoder,0.010983945103362203
0,decoder,0.010921324137598276
0,decoder,0.010873764054849744
0,decoder,0.0110630770213902
0,decoder,0.011035964824259281
0,decoder,0.010984054999426007
0,decoder,0.011023326078429818
0,encoder,0.012248469982296228
0,decoder,0.014493949012830853
0,decoder,0.011302459053695202
0,decoder,0.011050096014514565
0,decoder,0.011088405037298799
0,decoder,0.010958163999021053
0,decoder,0.01098086591809988
0,decoder,0.01091891503892839
0,decoder,0.010933943092823029
0,decoder,0.010939714964479208
0,decoder,0.010911343852058053
0,decoder,0.010936095146462321
0,decoder,0.010935824131593108
0,decoder,0.01101161609403789
0,decoder,0.010988384950906038
0,decoder,0.01091774390079081
0,decoder,0.01088800304569304
0,decoder,0.010950654977932572
0,decoder,0.010941985063254833
0,decoder,0.01112295687198639
0,decoder,0.011325289029628038
0,decoder,0.011184277944266796
0,decoder,0.0110581258777529
0,decoder,0.010989154921844602
0,decoder,0.010935594094917178
0,decoder,0.010919844033196568
0,decoder,0.010912733851000667
0,decoder,0.010889753000810742
0,decoder,0.010897004045546055
0,decoder,0.010868713026866317
0,decoder,0.010973995085805655
0,encoder,0.012297780951485038
0,decoder,0.012824618024751544
0,decoder,0.011556511977687478
0,decoder,0.011106916004791856
0,decoder,0.010999135905876756
0,decoder,0.011071057058870792
0,decoder,0.011063315905630589
0,decoder,0.011065726168453693
0,decoder,0.011039994889870286
0,decoder,0.011069495929405093
0,decoder,0.011135406093671918
0,decoder,0.011175248073413968
0,decoder,0.01126796891912818
0,decoder,0.011192817008122802
0,decoder,0.011153166880831122
0,decoder,0.011151777114719152
0,decoder,0.01110157580114901
0,decoder,0.011038204887881875
0,decoder,0.011061805998906493
0,decoder,0.011027306085452437
0,decoder,0.01809307187795639
0,decoder,0.018177623860538006
0,decoder,0.01093028299510479
0,decoder,0.011000855825841427
0,decoder,0.011096835834905505
0,decoder,0.01114562712609768
0,decoder,0.011144806863740087
0,decoder,0.01116066612303257
0,decoder,0.01104036602191627
0,decoder,0.011056895833462477
0,decoder,0.011011875001713634
0,decoder,0.011055926093831658
0,encoder,0.01187879592180252
0,decoder,0.012425092980265617
0,decoder,0.01134047913365066
0,decoder,0.010721882106736302
0,decoder,0.010593789862468839
0,decoder,0.010603819973766804
0,decoder,0.010677681071683764
0,decoder,0.010753002017736435
0,decoder,0.010701311053708196
0,decoder,0.010656830156221986
0,decoder,0.010759263066574931
0,decoder,0.01070686080493033
0,decoder,0.01067087217234075
0,decoder,0.010679870145395398
0,decoder,0.010772612178698182
0,decoder,0.01082067214883864
0,decoder,0.010787462117150426
0,decoder,0.010830841958522797
0,decoder,0.0108673928771168
0,decoder,0.010766912018880248
0,decoder,0.01072704209946096
0,decoder,0.010706111090257764
0,decoder,0.010665450943633914
0,decoder,0.01065666088834405
0,decoder,0.010729361092671752
0,decoder,0.010639860993251204
0,decoder,0.010673301061615348
0,decoder,0.010660700965672731
0,decoder,0.01072086114436388
0,decoder,0.01068862178362906
0,decoder,0.01064332015812397
0,decoder,0.010688222013413906
0,encoder,0.012382052140310407
0,decoder,0.013055739924311638
0,decoder,0.011812405195087194
0,decoder,0.011016176082193851
0,decoder,0.010964864864945412
0,decoder,0.010989004978910089
0,decoder,0.010985723929479718
0,decoder,0.010944564826786518
0,decoder,0.010923095047473907
0,decoder,0.010944125009700656
0,decoder,0.010902753099799156
0,decoder,0.0108875532168895
0,decoder,0.010909712873399258
0,decoder,0.010966394795104861
0,decoder,0.0109109440818429
0,decoder,0.01094288402236998
0,decoder,0.010963263921439648
0,decoder,0.010917492909356952
0,decoder,0.010883774142712355
0,decoder,0.011069586034864187
0,decoder,0.010921464068815112
0,decoder,0.010927432915195823
0,decoder,0.01089640287682414
0,decoder,0.010828452883288264
0,decoder,0.0108368129003793
0,decoder,0.010834193089976907
0,decoder,0.010782312136143446
0,decoder,0.010870933067053556
0,decoder,0.01083182287402451
0,decoder,0.010746482061222196
0,decoder,0.010869464138522744
0,decoder,0.010795013047754765
0,encoder,0.013207662152126431
0,decoder,0.012259500101208687
0,decoder,0.010943894041702151
0,decoder,0.010683579836040735
0,decoder,0.01041122805327177
0,decoder,0.010557019151747227
0,decoder,0.010492868954315782
0,decoder,0.010429827962070704
0,decoder,0.01034230599179864
0,decoder,0.010387328220531344
0,decoder,0.010326226940378547
0,decoder,0.010456448886543512
0,decoder,0.01035043690353632
0,decoder,0.010357277002185583
0,decoder,0.010397127131000161
0,decoder,0.012564304051920772
0,decoder,0.010332955978810787
0,decoder,0.010352327022701502
0,decoder,0.010428087087348104
0,decoder,0.010417527984827757
0,decoder,0.01041792705655098
0,decoder,0.010450307978317142
0,decoder,0.01040952792391181
0,decoder,0.010424028150737286
0,decoder,0.010509680025279522
0,decoder,0.010391368065029383
0,decoder,0.010434698080644011
0,decoder,0.01049237884581089
0,decoder,0.010353466961532831
0,decoder,0.010338387219235301
0,encoder,0.011575531912967563
0,decoder,0.012317592045292258
0,decoder,0.011084136087447405
0,decoder,0.01060734991915524
0,decoder,0.010550528997555375
0,decoder,0.010523208882659674
0,decoder,0.010450408095493913
0,decoder,0.010500819189473987
0,decoder,0.010535937966778874
0,decoder,0.010473757982254028
0,decoder,0.010532560059800744
0,decoder,0.010479098185896873
0,decoder,0.010583739029243588
0,decoder,0.010464438004419208
0,decoder,0.010496288072317839
0,decoder,0.010572060011327267
0,decoder,0.01055654906667769
0,decoder,0.010501859011128545
0,decoder,0.010638321051374078
0,decoder,0.010561319999396801
0,decoder,0.010666019981727004
0,decoder,0.010553980013355613
0,decoder,0.01076701213605702
0,decoder,0.010648880852386355
0,decoder,0.010591198923066258
0,decoder,0.010571688879281282
0,decoder,0.010477667907252908
0,decoder,0.010703691048547626
0,decoder,0.010497407987713814
0,decoder,0.010555629851296544
0,decoder,0.01060921000316739
0,encoder,0.01140730013139546
0,decoder,0.012617014115676284
0,decoder,0.011331537971273065
0,decoder,0.011070156004279852
0,decoder,0.011082945857197046
0,decoder,0.010975725017488003
0,decoder,0.010942704044282436
0,decoder,0.01098436489701271
0,decoder,0.011032834881916642
0,decoder,0.01103347516618669
0,decoder,0.010996044147759676
0,decoder,0.010904732858762145
0,decoder,0.01090897317044437
0,decoder,0.010891683865338564
0,decoder,0.0108962741214782
0,decoder,0.010885983938351274
0,decoder,0.010846463032066822
0,decoder,0.010910513810813427
0,decoder,0.010930264135822654
0,decoder,0.011103406082838774
0,decoder,0.010949193965643644
0,decoder,0.010936083970591426
0,decoder,0.01096430397592485
0,decoder,0.010870892787352204
0,decoder,0.011040525045245886
0,decoder,0.01093008415773511
0,decoder,0.010936352889984846
0,decoder,0.0109511639457196
0,decoder,0.010862252907827497
0,decoder,0.010993225034326315
0,decoder,0.010968474205583334
0,encoder,0.011817835038527846
0,decoder,0.012498922878876328
0,decoder,0.01131354901008308
0,decoder,0.010864992858842015
0,decoder,0.010841003153473139
0,decoder,0.010695581091567874
0,decoder,0.010585798881947994
0,decoder,0.010612810961902142
0,decoder,0.0106099599506706
0,decoder,0.01064799097366631
0,decoder,0.010591339087113738
0,decoder,0.010565968928858638
0,decoder,0.010661870939657092
0,decoder,0.010663910070434213
0,decoder,0.01078086206689477
0,decoder,0.010645991191267967
0,decoder,0.010659850900992751
0,decoder,0.010760501958429813
0,decoder,0.010616109939292073
0,decoder,0.01074499194510281
0,decoder,0.010733901057392359
0,decoder,0.010613300139084458
0,decoder,0.01057467982172966
0,decoder,0.010630300035700202
0,decoder,0.010728421155363321
0,decoder,0.010626750066876411
0,decoder,0.01058468990959227
0,decoder,0.010561069007962942
0,decoder,0.010538720060139894
0,decoder,0.010595978936180472
0,decoder,0.010695071890950203
0,encoder,0.012894077925011516
0,decoder,0.012493113055825233
0,decoder,0.01120898686349392
0,decoder,0.010782151948660612
0,decoder,0.010721530998125672
0,decoder,0.010678400984033942
0,decoder,0.010662710992619395
0,decoder,0.010666441172361374
0,decoder,0.010735961142927408
0,decoder,0.010723950807005167
0,decoder,0.010793421883136034
0,decoder,0.010654610116034746
0,decoder,0.010806192178279161
0,decoder,0.01071935216896236
0,decoder,0.010687761008739471
0,decoder,0.010748680913820863
0,decoder,0.010659240884706378
0,decoder,0.01069080107845366
0,decoder,0.010797281982377172
0,decoder,0.010752040892839432
0,decoder,0.010694420896470547
0,decoder,0.010702949948608875
0,decoder,0.010658000130206347
0,decoder,0.010811123065650463
0,decoder,0.01067587104626
0,decoder,0.010682370979338884
0,decoder,0.010779861826449633
0,decoder,0.010676770936697721
0,decoder,0.010757212061434984
0,decoder,0.010735851945355535
0,decoder,0.010775381932035089
0,decoder,0.010733360890299082
0,encoder,0.012605865020304918
0,decoder,0.01206576800905168
0,decoder,0.010827553225681186
0,decoder,0.010405977023765445
0,decoder,0.010367956943809986
0,decoder,0.01030927593819797
0,decoder,0.010325896088033915
0,decoder,0.01039265701547265
0,decoder,0.01030609686858952
0,decoder,0.01051552896387875
0,decoder,0.0104620479978621
0,decoder,0.010385727044194937
0,decoder,0.010412827134132385
0,decoder,0.010460457997396588
0,decoder,0.010441866936162114
0,decoder,0.010390966897830367
0,decoder,0.010498038027435541
0,decoder,0.010436207987368107
0,decoder,0.010446937987580895
0,decoder,0.010549908969551325
0,decoder,0.010503628058359027
0,decoder,0.010527808917686343
0,decoder,0.0104538279119879
0,decoder,0.010393816977739334
0,decoder,0.010461068013682961
0,decoder,0.0104241578374058
0,decoder,0.010478507960215211
0,decoder,0.010462947888299823
0,decoder,0.010413046926259995
0,decoder,0.010479998076334596
0,decoder,0.010425758082419634
0,decoder,0.010492099216207862
0,encoder,0.011718692956492305
0,decoder,0.01209229789674282
0,decoder,0.010841341922059655
0,decoder,0.010422767139971256
0,decoder,0.010319156106561422
0,decoder,0.010380595922470093
0,decoder,0.010465767933055758
0,decoder,0.010406436864286661
0,decoder,0.010464727878570557
0,decoder,0.010462878039106727
0,decoder,0.010449097026139498
0,decoder,0.0104147270321846
0,decoder,0.010435628006234765
0,decoder,0.010474378010258079
0,decoder,0.010404087835922837
0,decoder,0.010388637892901897
0,decoder,0.010383856948465109
0,decoder,0.010461597936227918
0,decoder,0.010453537106513977
0,decoder,0.010430137161165476
0,decoder,0.010575989028438926
0,decoder,0.010454158065840602
0,decoder,0.010382266947999597
0,decoder,0.010422607883810997
0,decoder,0.010454969014972448
0,decoder,0.010459617944434285
0,decoder,0.010383217129856348
0,decoder,0.010394447017461061
0,decoder,0.0104547671508044
0,decoder,0.010371707146987319
0,decoder,0.010497697861865163
0,decoder,0.010370176983997226
0,encoder,0.011409158818423748
0,decoder,0.01187833584845066
0,decoder,0.010529408929869533
0,decoder,0.010236643953248858
0,decoder,0.010053643025457859
0,decoder,0.010244276141747832
0,decoder,0.010230524931102991
0,decoder,0.010126804001629353
0,decoder,0.010068244067952037
0,decoder,0.01008089305832982
0,decoder,0.010027351789176464
0,decoder,0.010001091985031962
0,decoder,0.010087882867082953
0,decoder,0.010076083010062575
0,decoder,0.010098594008013606
0,decoder,0.010129444068297744
0,decoder,0.010013513034209609
0,decoder,0.010049493052065372
0,decoder,0.009935162030160427
0,decoder,0.010040942812338471
0,decoder,0.009941881988197565
0,decoder,0.009977370966225863
0,decoder,0.010573938954621553
0,decoder,0.010492427973076701
0,decoder,0.010994023876264691
0,decoder,0.010994994081556797
0,decoder,0.010948124108836055
0,decoder,0.01087039289996028
0,decoder,0.012399771949276328
0,decoder,0.010124853113666177
0,encoder,0.012270400067791343
0,decoder,0.012364719994366169
0,decoder,0.011102786054834723
0,decoder,0.010570119135081768
0,decoder,0.010690380120649934
0,decoder,0.01048770803026855
0,decoder,0.010447148000821471
0,decoder,0.010578620014712214
0,decoder,0.010556557914242148
0,decoder,0.010692490031942725
0,decoder,0.010549088940024376
0,decoder,0.010630509816110134
0,decoder,0.010560469003394246
0,decoder,0.010664439992979169
0,decoder,0.010581128997728229
0,decoder,0.01063792989589274
0,decoder,0.010548508958891034
0,decoder,0.010584030067548156
0,decoder,0.010674899909645319
0,decoder,0.010526027996093035
0,decoder,0.010653350036591291
0,decoder,0.010575130116194487
0,decoder,0.0105497888289392
0,decoder,0.010669420938938856
0,decoder,0.011212407145649195
0,decoder,0.011636072071269155
0,decoder,0.011541700921952724
0,decoder,0.010723539860919118
0,decoder,0.010649879928678274
0,decoder,0.010845951968804002
0,decoder,0.010671170894056559
0,encoder,0.012862777104601264
0,decoder,0.012841898016631603
0,decoder,0.011459199944511056
0,decoder,0.011192427016794682
0,decoder,0.01103669498115778
0,decoder,0.01109612500295043
0,decoder,0.01103747496381402
0,decoder,0.011087205028161407
0,decoder,0.01108557591214776
0,decoder,0.011069674976170063
0,decoder,0.01109074498526752
0,decoder,0.011228087125346065
0,decoder,0.011143265990540385
0,decoder,0.011096845148131251
0,decoder,0.011107885045930743
0,decoder,0.011091924970969558
0,decoder,0.01109351497143507
0,decoder,0.011090076062828302
0,decoder,0.011117786169052124
0,decoder,0.014510817127302289
0,decoder,0.011048285057768226
0,decoder,0.011069775093346834
0,decoder,0.011067806044593453
0,decoder,0.011070014908909798
0,decoder,0.011096465168520808
0,decoder,0.011041745077818632
0,decoder,0.011081225937232375
0,decoder,0.011111615924164653
0,decoder,0.01105661503970623
0,decoder,0.011132636107504368
0,decoder,0.01115489611402154
0,encoder,0.016749063972383738
0,decoder,0.017563494155183434
0,decoder,0.012021895963698626
0,decoder,0.011354638962075114
0,decoder,0.011319258017465472
0,decoder,0.01127201784402132
0,decoder,0.011257197009399533
0,decoder,0.011251747142523527
0,decoder,0.011161775793880224
0,decoder,0.011218826984986663
0,decoder,0.011189816985279322
0,decoder,0.01121000712737441
0,decoder,0.011027193861082196
0,decoder,0.011161455884575844
0,decoder,0.011228017043322325
0,decoder,0.011166616110131145
0,decoder,0.011105835903435946
0,decoder,0.011170686921104789
0,decoder,0.011240196879953146
0,decoder,0.011220715939998627
0,decoder,0.011305817868560553
0,decoder,0.011143426178023219
0,decoder,0.011143016163259745
0,decoder,0.011107865022495389
0,decoder,0.011096825823187828
0,decoder,0.011073905043303967
0,decoder,0.011064335005357862
0,decoder,0.011083524907007813
0,decoder,0.01106911594979465
0,decoder,0.011045314837247133
0,decoder,0.011080366093665361
0,encoder,0.012364179827272892
0,decoder,0.013073309091851115
0,decoder,0.01165207289159298
0,decoder,0.011314337840303779
0,decoder,0.011428649071604013
0,decoder,0.01129468809813261
0,decoder,0.011363008990883827
0,decoder,0.011243557091802359
0,decoder,0.011258766986429691
0,decoder,0.0113104279153049
0,decoder,0.0112652569077909
0,decoder,0.011277368059381843
0,decoder,0.011344999074935913
0,decoder,0.011358638061210513
0,decoder,0.011311038164421916
0,decoder,0.011339368065819144
0,decoder,0.011252157855778933
0,decoder,0.011260156985372305
0,decoder,0.011308817891404033
0,decoder,0.011255968129262328
0,decoder,0.011280647944658995
0,decoder,0.011273277923464775
0,decoder,0.011235607089474797
0,decoder,0.011276547098532319
0,decoder,0.01129012810997665
0,decoder,0.011289478046819568
0,decoder,0.011246647918596864
0,decoder,0.011252067051827908
0,decoder,0.011273177107796073
0,decoder,0.011288156965747476
0,decoder,0.011229677125811577
0,decoder,0.011270178016275167
0,encoder,0.011161935981363058
0,decoder,0.012341340072453022
0,decoder,0.011014164192602038
0,decoder,0.010566298849880695
0,decoder,0.010462276870384812
0,decoder,0.010558757930994034
0,decoder,0.01053919899277389
0,decoder,0.010615079896524549
0,decoder,0.01049624802544713
0,decoder,0.010525957914069295
0,decoder,0.010584438918158412
0,decoder,0.010627179872244596
0,decoder,0.010559788905084133
0,decoder,0.010618078988045454
0,decoder,0.010679610073566437
0,decoder,0.010611179051920772
0,decoder,0.010670899180695415
0,decoder,0.010656990110874176
0,decoder,0.010625879978761077
0,decoder,0.010637958999723196
0,decoder,0.010652021039277315
0,decoder,0.01061303005553782
0,decoder,0.010697799967601895
0,decoder,0.01055526896379888
0,decoder,0.010678661055862904
0,decoder,0.010554759064689279
0,decoder,0.01054049888625741
0,decoder,0.010555118788033724
0,decoder,0.010548338061198592
0,decoder,0.010623569134622812
0,decoder,0.010565237840637565
0,decoder,0.010650900891050696
0,encoder,0.01198160508647561
0,decoder,0.012376991100609303
0,decoder,0.010914393002167344
0,decoder,0.010603258851915598
0,decoder,0.010535537963733077
0,decoder,0.010635139187797904
0,decoder,0.010706499917432666
0,decoder,0.010608258889988065
0,decoder,0.01068707020021975
0,decoder,0.010620768880471587
0,decoder,0.010635909158736467
0,decoder,0.010736420983448625
0,decoder,0.010625319089740515
0,decoder,0.010637318948283792
0,decoder,0.010642789071425796
0,decoder,0.01073001092299819
0,decoder,0.01065854006446898
0,decoder,0.010687989881262183
0,decoder,0.010691510047763586
0,decoder,0.010669689858332276
0,decoder,0.010685399873182178
0,decoder,0.010646810056641698
0,decoder,0.010701099876314402
0,decoder,0.010682160034775734
0,decoder,0.010646959068253636
0,decoder,0.010675719939172268
0,decoder,0.010595489060506225
0,decoder,0.010762271005660295
0,decoder,0.010717210127040744
0,decoder,0.010676850099116564
0,decoder,0.010648900177329779
0,decoder,0.010637118946760893
0,encoder,0.006314266938716173
0,decoder,0.0047366570215672255
0,decoder,0.003757825121283531
0,decoder,0.003776096971705556
0,decoder,0.00370175507850945
0,decoder,0.003700234927237034
0,decoder,0.003719395026564598
0,decoder,0.0036950150970369577
0,decoder,0.003678305074572563
0,decoder,0.0036857950035482645
0,decoder,0.003695304971188307
0,decoder,0.0037502849008888006
0,decoder,0.0037371451035141945
0,decoder,0.0037186359986662865
0,decoder,0.003704804927110672
0,decoder,0.0037210260052233934
0,decoder,0.003717545187100768
0,decoder,0.0036829349119216204
0,decoder,0.0036933650262653828
0,decoder,0.0036941051948815584
